Species,Subj_idx,Session,Block,Trial,Stim,Procedure,Duration_Set,Target_Duration,Response_Onset,Response_Offset,Drug_Type
Rat,1,1,1,1,Visual,FI,12,12,28.7752,29.411175,Saline
Rat,1,1,1,2,Visual,FI,12,12,32.827075,34.122025,Saline
Rat,1,1,1,3,Visual,FI,12,12,39.71785,40.408825,Saline
Rat,1,1,1,4,Visual,FI,12,12,NaN,NaN,Saline
Rat,1,1,1,5,Visual,FI,12,12,NaN,NaN,Saline
Rat,1,1,1,6,Visual,FI,12,12,26.549225,27.6822,Saline
Rat,1,1,1,7,Visual,FI,12,12,NaN,NaN,Saline
Rat,1,1,1,8,Visual,FI,12,12,NaN,NaN,Saline
Rat,1,1,1,9,Visual,FI,12,12,37.48695,37.736925,Saline
Rat,1,1,1,10,Visual,FI,12,12,40.121825,40.378825,Saline
Rat,1,1,1,11,Visual,FI,12,12,12.200675,12.63265,Saline
Rat,1,1,1,12,Visual,FI,12,12,19.3294,20.423375,Saline
Rat,1,1,1,13,Visual,FI,12,12,64.43215,65.427125,Saline
Rat,1,1,1,14,Visual,FI,12,12,16.775525,17.0925,Saline
Rat,1,1,1,15,Visual,FI,12,12,NaN,NaN,Saline
Rat,1,1,1,16,Visual,FI,12,12,NaN,NaN,Saline
Rat,1,1,1,17,Visual,FI,12,12,NaN,NaN,Saline
Rat,1,1,1,18,Visual,FI,12,12,NaN,27.0132,Saline
Rat,1,1,1,19,Visual,FI,12,12,NaN,NaN,Saline
Rat,1,1,1,20,Visual,FI,12,12,NaN,NaN,Saline
Rat,1,1,1,21,Visual,FI,12,12,24.158325,25.0803,Saline
Rat,1,1,1,22,Visual,FI,12,12,21.86735,30.574075,Saline
Rat,1,1,1,23,Visual,FI,12,12,16.72355,23.05335,Saline
Rat,1,1,1,24,Visual,FI,12,12,59.8323,0,Saline
Rat,1,1,1,25,Visual,FI,12,12,NaN,NaN,Saline
Rat,1,1,1,26,Visual,FI,12,12,45.2057,45.5127,Saline
Rat,1,1,1,27,Visual,FI,12,12,15.274575,19.92145,Saline
Rat,1,1,1,28,Visual,FI,12,12,25.592275,25.91025,Saline
Rat,1,1,1,29,Visual,FI,12,12,NaN,NaN,Saline
Rat,1,1,1,30,Visual,FI,12,12,14.9546,17.0075,Saline
Rat,1,1,1,31,Visual,FI,12,12,12.3856,13.4946,Saline
Rat,1,1,1,32,Visual,FI,12,12,13.347625,14.611575,Saline
Rat,1,1,1,33,Visual,FI,12,12,NaN,NaN,Saline
Rat,1,1,1,34,Visual,FI,12,12,NaN,NaN,Saline
Rat,1,1,1,35,Visual,FI,12,12,23.532375,28.954225,Saline
Rat,1,1,1,36,Visual,FI,12,12,NaN,NaN,Saline
Rat,1,1,1,37,Visual,FI,12,12,16.900525,23.388325,Saline
Rat,1,1,1,38,Visual,FI,12,12,17.147475,0,Saline
Rat,1,1,1,39,Visual,FI,12,12,26.68925,NaN,Saline
Rat,1,1,1,40,Visual,FI,12,12,NaN,NaN,Saline
Rat,1,1,1,41,Visual,FI,12,12,19.613425,20.8464,Saline
Rat,1,1,1,42,Visual,FI,12,12,22.0284,22.826375,Saline
Rat,1,1,1,43,Visual,FI,12,12,29.2502,30.05915,Saline
Rat,1,1,1,44,Visual,FI,12,12,NaN,NaN,Saline
Rat,1,1,1,45,Visual,FI,12,12,NaN,NaN,Saline
Rat,1,1,1,46,Visual,FI,12,12,16.0196,16.499575,Saline
Rat,1,1,1,47,Visual,FI,12,12,16.9845,18.909425,Saline
Rat,1,1,1,48,Visual,FI,12,12,24.19835,27.893225,Saline
Rat,1,1,1,49,Visual,FI,12,12,85.197575,85.63555,Saline
Rat,1,1,1,50,Visual,FI,12,12,15.377525,16.2225,Saline
Rat,1,1,1,51,Visual,FI,12,12,165.510225,165.8822,Saline
Rat,1,1,1,52,Visual,FI,12,12,15.34155,15.48555,Saline
Rat,1,1,1,53,Visual,FI,12,12,NaN,NaN,Saline
Rat,1,1,1,54,Visual,FI,12,12,NaN,NaN,Saline
Rat,1,1,1,55,Visual,FI,12,12,20.154475,24.2113,Saline
Rat,1,1,1,56,Visual,FI,12,12,25.3433,0,Saline
Rat,1,1,1,57,Visual,FI,12,12,98.921175,NaN,Saline
Rat,1,1,1,58,Visual,FI,12,12,12.482625,13.6756,Saline
Rat,1,1,1,59,Visual,FI,12,12,56.1804,59.555275,Saline
Rat,1,1,1,60,Visual,FI,12,12,NaN,1.621925,Saline
Rat,1,1,1,61,Visual,FI,12,12,14.679575,NaN,Saline
Rat,1,1,1,62,Visual,FI,12,12,NaN,NaN,Saline
Rat,1,1,1,63,Visual,FI,12,12,NaN,NaN,Saline
Rat,1,1,1,64,Visual,FI,12,12,81.71365,82.098625,Saline
Rat,1,1,1,1,Visual,FI,12,12,NaN,NaN,SCH
Rat,1,1,1,2,Visual,FI,12,12,NaN,NaN,SCH
Rat,1,1,1,3,Visual,FI,12,12,18.825475,19.18345,SCH
Rat,1,1,1,4,Visual,FI,12,12,35.524975,35.89995,SCH
Rat,1,1,1,5,Visual,FI,12,12,43.432725,45.249675,SCH
Rat,1,1,1,6,Visual,FI,12,12,39.44085,40.5498,SCH
Rat,1,1,1,7,Visual,FI,12,12,26.9062,32.389025,SCH
Rat,1,1,1,8,Visual,FI,12,12,20.4334,23.286325,SCH
Rat,1,1,1,9,Visual,FI,12,12,NaN,NaN,SCH
Rat,1,1,1,10,Visual,FI,12,12,NaN,NaN,SCH
Rat,1,1,1,11,Visual,FI,12,12,25.856225,29.005125,SCH
Rat,1,1,1,12,Visual,FI,12,12,25.1463,26.01125,SCH
Rat,1,1,1,13,Visual,FI,12,12,29.418125,30.393075,SCH
Rat,1,1,1,14,Visual,FI,12,12,NaN,NaN,SCH
Rat,1,1,1,15,Visual,FI,12,12,33.772,35.17795,SCH
Rat,1,1,1,16,Visual,FI,12,12,NaN,NaN,SCH
Rat,1,1,1,17,Visual,FI,12,12,81.307625,NaN,SCH
Rat,1,1,1,18,Visual,FI,12,12,51.348525,0,SCH
Rat,1,1,1,19,Visual,FI,12,12,16.6815,NaN,SCH
Rat,1,1,1,20,Visual,FI,12,12,44.31975,45.3627,SCH
Rat,1,1,1,21,Visual,FI,12,12,36.088975,36.764925,SCH
Rat,1,1,1,22,Visual,FI,12,12,13.04965,17.2555,SCH
Rat,1,1,1,23,Visual,FI,12,12,90.40735,90.984325,SCH
Rat,1,1,1,24,Visual,FI,12,12,409.799975,410.09895,SCH
Rat,1,1,1,25,Visual,FI,12,12,20.7924,21.80935,SCH
Rat,1,1,1,26,Visual,FI,12,12,24.85825,0,SCH
Rat,1,1,1,27,Visual,FI,12,12,36.975925,NaN,SCH
Rat,1,1,1,28,Visual,FI,12,12,13.6286,14.14955,SCH
Rat,1,1,1,29,Visual,FI,12,12,26.564225,27.387175,SCH
Rat,1,1,1,30,Visual,FI,12,12,0,0,SCH
Rat,1,1,1,31,Visual,FI,12,12,0,0,SCH
Rat,1,1,1,32,Visual,FI,12,12,NaN,NaN,SCH
Rat,1,1,1,33,Visual,FI,12,12,NaN,NaN,SCH
Rat,1,1,1,34,Visual,FI,12,12,13.823575,14.21355,SCH
Rat,1,1,1,35,Visual,FI,12,12,55.761375,56.311325,SCH
Rat,1,1,1,36,Visual,FI,12,12,NaN,NaN,SCH
Rat,1,1,1,37,Visual,FI,12,12,111.085775,111.33075,SCH
Rat,1,1,1,38,Visual,FI,12,12,NaN,NaN,SCH
Rat,1,1,1,39,Visual,FI,12,12,28.03515,28.80515,SCH
Rat,1,1,1,40,Visual,FI,12,12,25.789275,0,SCH
Rat,1,1,1,41,Visual,FI,12,12,41.141775,NaN,SCH
Rat,1,1,1,42,Visual,FI,12,12,21.968375,26.006225,SCH
Rat,1,1,1,43,Visual,FI,12,12,45.828675,46.893625,SCH
Rat,1,1,1,44,Visual,FI,12,12,NaN,NaN,SCH
Rat,1,1,1,45,Visual,FI,12,12,19.7394,0,SCH
Rat,1,1,1,46,Visual,FI,12,12,38.3529,16.06455,SCH
Rat,1,1,1,47,Visual,FI,12,12,13.829575,NaN,SCH
Rat,1,1,1,48,Visual,FI,12,12,44.877725,45.573675,SCH
Rat,1,1,1,49,Visual,FI,12,12,154.97045,155.327425,SCH
Rat,1,1,1,50,Visual,FI,12,12,17.852525,18.663475,SCH
Rat,1,1,1,51,Visual,FI,12,12,34.213975,37.0999,SCH
Rat,1,1,1,52,Visual,FI,12,12,NaN,NaN,SCH
Rat,1,1,1,53,Visual,FI,12,12,NaN,NaN,SCH
Rat,1,1,1,54,Visual,FI,12,12,1.778,13.41065,SCH
Rat,1,1,1,1,Visual,FI,12,12,NaN,77.87275,SKF
Rat,1,1,1,2,Visual,FI,12,12,28.850175,29.11315,SKF
Rat,1,1,1,3,Visual,FI,12,12,14.093575,14.37655,SKF
Rat,1,1,1,4,Visual,FI,12,12,58.499325,60.757225,SKF
Rat,1,1,1,5,Visual,FI,12,12,14.0856,14.6226,SKF
Rat,1,1,1,6,Visual,FI,12,12,67.91405,68.175,SKF
Rat,1,1,1,7,Visual,FI,12,12,NaN,NaN,SKF
Rat,1,1,1,8,Visual,FI,12,12,16.276525,17.1845,SKF
Rat,1,1,1,9,Visual,FI,12,12,26.61525,26.945225,SKF
Rat,1,1,1,10,Visual,FI,12,12,77.237875,79.932775,SKF
Rat,1,1,1,11,Visual,FI,12,12,14.032625,14.5866,SKF
Rat,1,1,1,12,Visual,FI,12,12,NaN,NaN,SKF
Rat,1,1,1,13,Visual,FI,12,12,47.9696,49.29455,SKF
Rat,1,1,1,14,Visual,FI,12,12,36.822975,37.623925,SKF
Rat,1,1,1,15,Visual,FI,12,12,NaN,NaN,SKF
Rat,1,1,1,16,Visual,FI,12,12,42.97675,43.523725,SKF
Rat,1,1,1,17,Visual,FI,12,12,16.082575,17.8665,SKF
Rat,1,1,1,18,Visual,FI,12,12,NaN,NaN,SKF
Rat,1,1,1,19,Visual,FI,12,12,NaN,NaN,SKF
Rat,1,1,1,20,Visual,FI,12,12,73.618925,75.61185,SKF
Rat,1,1,1,21,Visual,FI,12,12,NaN,NaN,SKF
Rat,1,1,1,22,Visual,FI,12,12,13.8426,14.0796,SKF
Rat,1,1,1,23,Visual,FI,12,12,16.8675,17.1995,SKF
Rat,1,1,1,24,Visual,FI,12,12,NaN,NaN,SKF
Rat,1,1,1,25,Visual,FI,12,12,17.2165,17.872475,SKF
Rat,1,1,1,26,Visual,FI,12,12,16.36555,17.9655,SKF
Rat,1,1,1,27,Visual,FI,12,12,NaN,NaN,SKF
Rat,1,1,1,28,Visual,FI,12,12,NaN,NaN,SKF
Rat,1,1,1,29,Visual,FI,12,12,NaN,NaN,SKF
Rat,1,1,1,30,Visual,FI,12,12,52.83145,54.280425,SKF
Rat,1,1,1,31,Visual,FI,12,12,66.252125,67.049075,SKF
Rat,1,1,1,32,Visual,FI,12,12,NaN,NaN,SKF
Rat,1,1,1,33,Visual,FI,12,12,30.222125,31.3041,SKF
Rat,1,1,1,34,Visual,FI,12,12,NaN,NaN,SKF
Rat,1,1,1,35,Visual,FI,12,12,NaN,NaN,SKF
Rat,1,1,1,36,Visual,FI,12,12,30.713125,30.9921,SKF
Rat,1,1,1,37,Visual,FI,12,12,39.37485,39.52085,SKF
Rat,1,1,1,38,Visual,FI,12,12,NaN,NaN,SKF
Rat,1,1,1,39,Visual,FI,12,12,15.704575,15.97455,SKF
Rat,1,1,1,40,Visual,FI,12,12,22.46435,22.95135,SKF
Rat,1,1,1,41,Visual,FI,12,12,NaN,NaN,SKF
Rat,1,1,1,42,Visual,FI,12,12,20.55245,20.962425,SKF
Rat,1,1,1,43,Visual,FI,12,12,25.649225,29.311125,SKF
Rat,1,1,1,44,Visual,FI,12,12,NaN,NaN,SKF
Rat,1,1,1,45,Visual,FI,12,12,57.792375,58.410325,SKF
Rat,1,1,1,46,Visual,FI,12,12,NaN,NaN,SKF
Rat,1,1,1,47,Visual,FI,12,12,NaN,NaN,SKF
Rat,1,1,1,48,Visual,FI,12,12,NaN,NaN,SKF
Rat,1,1,1,49,Visual,FI,12,12,34.855,35.323,SKF
Rat,1,1,1,50,Visual,FI,12,12,NaN,NaN,SKF
Rat,1,1,1,51,Visual,FI,12,12,17.2855,22.8493,SKF
Rat,1,1,1,52,Visual,FI,12,12,20.006425,20.127425,SKF
Rat,1,1,1,53,Visual,FI,12,12,27.4012,28.90915,SKF
Rat,1,1,1,54,Visual,FI,12,12,94.144275,94.36225,SKF
Rat,1,1,1,55,Visual,FI,12,12,NaN,NaN,SKF
Rat,1,1,1,56,Visual,FI,12,12,22.633375,24.044325,SKF
Rat,1,1,1,57,Visual,FI,12,12,NaN,NaN,SKF
Rat,1,1,1,58,Visual,FI,12,12,NaN,NaN,SKF
Rat,1,1,1,59,Visual,FI,12,12,NaN,NaN,SKF
Rat,1,1,1,60,Visual,FI,12,12,NaN,NaN,SKF
Rat,1,1,1,61,Visual,FI,12,12,23.847325,24.228325,SKF
Rat,1,1,1,62,Visual,FI,12,12,25.1783,26.9892,SKF
Rat,1,1,1,63,Visual,FI,12,12,NaN,NaN,SKF
Rat,1,1,1,64,Visual,FI,12,12,21.009375,21.32535,SKF
Rat,1,1,1,65,Visual,FI,12,12,NaN,NaN,SKF
Rat,1,1,1,66,Visual,FI,12,12,26.512275,27.582225,SKF
Rat,1,1,1,67,Visual,FI,12,12,NaN,NaN,SKF
Rat,1,1,1,68,Visual,FI,12,12,19.286425,0,SKF
Rat,1,1,1,69,Visual,FI,12,12,0,0.615925,SKF
Rat,2,2,1,1,Visual,FI,12,12,0,0,Saline
Rat,2,2,1,2,Visual,FI,12,12,NaN,93.05635,Saline
Rat,2,2,1,3,Visual,FI,12,12,NaN,NaN,Saline
Rat,2,2,1,4,Visual,FI,12,12,17.937475,18.06145,Saline
Rat,2,2,1,5,Visual,FI,12,12,19.43545,21.530375,Saline
Rat,2,2,1,6,Visual,FI,12,12,NaN,NaN,Saline
Rat,2,2,1,7,Visual,FI,12,12,NaN,NaN,Saline
Rat,2,2,1,8,Visual,FI,12,12,NaN,NaN,Saline
Rat,2,2,1,9,Visual,FI,12,12,NaN,NaN,Saline
Rat,2,2,1,10,Visual,FI,12,12,29.484175,29.57415,Saline
Rat,2,2,1,11,Visual,FI,12,12,40.4628,40.670775,Saline
Rat,2,2,1,12,Visual,FI,12,12,NaN,NaN,Saline
Rat,2,2,1,13,Visual,FI,12,12,45.676675,46.06365,Saline
Rat,2,2,1,14,Visual,FI,12,12,NaN,NaN,Saline
Rat,2,2,1,15,Visual,FI,12,12,45.1187,45.264675,Saline
Rat,2,2,1,16,Visual,FI,12,12,NaN,NaN,Saline
Rat,2,2,1,17,Visual,FI,12,12,NaN,NaN,Saline
Rat,2,2,1,18,Visual,FI,12,12,NaN,NaN,Saline
Rat,2,2,1,19,Visual,FI,12,12,NaN,NaN,Saline
Rat,2,2,1,20,Visual,FI,12,12,25.52025,25.700225,Saline
Rat,2,2,1,21,Visual,FI,12,12,123.037425,126.6513,Saline
Rat,2,2,1,22,Visual,FI,12,12,33.100025,33.237,Saline
Rat,2,2,1,23,Visual,FI,12,12,NaN,NaN,Saline
Rat,2,2,1,24,Visual,FI,12,12,27.3942,27.598175,Saline
Rat,2,2,1,25,Visual,FI,12,12,NaN,NaN,Saline
Rat,2,2,1,26,Visual,FI,12,12,NaN,NaN,Saline
Rat,2,2,1,27,Visual,FI,12,12,26.169275,28.2442,Saline
Rat,2,2,1,28,Visual,FI,12,12,16.046525,16.8685,Saline
Rat,2,2,1,29,Visual,FI,12,12,NaN,47.122625,Saline
Rat,2,2,1,30,Visual,FI,12,12,NaN,NaN,Saline
Rat,2,2,1,31,Visual,FI,12,12,NaN,NaN,Saline
Rat,2,2,1,32,Visual,FI,12,12,17.6475,20.1554,Saline
Rat,2,2,1,33,Visual,FI,12,12,NaN,107.84085,Saline
Rat,2,2,1,34,Visual,FI,12,12,NaN,NaN,Saline
Rat,2,2,1,35,Visual,FI,12,12,79.871725,80.3897,Saline
Rat,2,2,1,36,Visual,FI,12,12,NaN,NaN,Saline
Rat,2,2,1,37,Visual,FI,12,12,12.149675,12.38665,Saline
Rat,2,2,1,38,Visual,FI,12,12,43.042725,49.296525,Saline
Rat,2,2,1,39,Visual,FI,12,12,NaN,NaN,Saline
Rat,2,2,1,40,Visual,FI,12,12,NaN,NaN,Saline
Rat,2,2,1,41,Visual,FI,12,12,NaN,NaN,Saline
Rat,2,2,1,42,Visual,FI,12,12,25.188275,28.385175,Saline
Rat,2,2,1,43,Visual,FI,12,12,NaN,NaN,Saline
Rat,2,2,1,44,Visual,FI,12,12,14.7406,17.145525,Saline
Rat,2,2,1,45,Visual,FI,12,12,NaN,41.661775,Saline
Rat,2,2,1,46,Visual,FI,12,12,61.9102,NaN,Saline
Rat,2,2,1,47,Visual,FI,12,12,20.6034,26.733225,Saline
Rat,2,2,1,48,Visual,FI,12,12,NaN,NaN,Saline
Rat,2,2,1,49,Visual,FI,12,12,NaN,NaN,Saline
Rat,2,2,1,50,Visual,FI,12,12,NaN,NaN,Saline
Rat,2,2,1,51,Visual,FI,12,12,NaN,NaN,Saline
Rat,2,2,1,52,Visual,FI,12,12,26.585225,26.7182,Saline
Rat,2,2,1,53,Visual,FI,12,12,NaN,NaN,Saline
Rat,2,2,1,54,Visual,FI,12,12,NaN,NaN,Saline
Rat,2,2,1,55,Visual,FI,12,12,13.39465,13.612625,Saline
Rat,2,2,1,56,Visual,FI,12,12,16.669525,21.256375,Saline
Rat,2,2,1,57,Visual,FI,12,12,12.916625,13.2006,Saline
Rat,2,2,1,58,Visual,FI,12,12,12.216675,13.557625,Saline
Rat,2,2,1,59,Visual,FI,12,12,NaN,NaN,Saline
Rat,2,2,1,60,Visual,FI,12,12,13.348625,16.318525,Saline
Rat,2,2,1,61,Visual,FI,12,12,NaN,14.9196,Saline
Rat,2,2,1,62,Visual,FI,12,12,22.349375,NaN,Saline
Rat,2,2,1,63,Visual,FI,12,12,20.9684,21.83735,Saline
Rat,2,2,1,64,Visual,FI,12,12,113.2367,113.460675,Saline
Rat,2,2,1,65,Visual,FI,12,12,NaN,NaN,Saline
Rat,2,2,1,66,Visual,FI,12,12,NaN,NaN,Saline
Rat,2,2,1,67,Visual,FI,12,12,64.93515,68.06205,Saline
Rat,2,2,1,68,Visual,FI,12,12,NaN,NaN,Saline
Rat,2,2,1,69,Visual,FI,12,12,18.126475,20.5124,Saline
Rat,2,2,1,70,Visual,FI,12,12,NaN,NaN,Saline
Rat,2,2,1,71,Visual,FI,12,12,NaN,NaN,Saline
Rat,2,2,1,72,Visual,FI,12,12,16.34555,20.7624,Saline
Rat,2,2,1,73,Visual,FI,12,12,NaN,NaN,Saline
Rat,2,2,1,74,Visual,FI,12,12,NaN,NaN,Saline
Rat,2,2,1,75,Visual,FI,12,12,104.3739,104.63695,Saline
Rat,2,2,1,76,Visual,FI,12,12,27.89015,0,Saline
Rat,2,2,1,77,Visual,FI,12,12,44.645725,NaN,Saline
Rat,2,2,1,78,Visual,FI,12,12,NaN,NaN,Saline
Rat,2,2,1,79,Visual,FI,12,12,NaN,NaN,Saline
Rat,2,2,1,80,Visual,FI,12,12,NaN,NaN,Saline
Rat,2,2,1,81,Visual,FI,12,12,NaN,NaN,Saline
Rat,2,2,1,82,Visual,FI,12,12,NaN,NaN,Saline
Rat,2,2,1,1,Visual,FI,12,12,40.909825,41.2648,SCH
Rat,2,2,1,2,Visual,FI,12,12,NaN,NaN,SCH
Rat,2,2,1,3,Visual,FI,12,12,NaN,NaN,SCH
Rat,2,2,1,4,Visual,FI,12,12,16.304525,16.427475,SCH
Rat,2,2,1,5,Visual,FI,12,12,NaN,NaN,SCH
Rat,2,2,1,6,Visual,FI,12,12,63.137175,63.3371,SCH
Rat,2,2,1,7,Visual,FI,12,12,NaN,NaN,SCH
Rat,2,2,1,8,Visual,FI,12,12,NaN,NaN,SCH
Rat,2,2,1,9,Visual,FI,12,12,41.879825,42.172775,SCH
Rat,2,2,1,10,Visual,FI,12,12,NaN,NaN,SCH
Rat,2,2,1,11,Visual,FI,12,12,240.58205,240.939025,SCH
Rat,2,2,1,12,Visual,FI,12,12,NaN,NaN,SCH
Rat,2,2,1,13,Visual,FI,12,12,33.4431,34.211075,SCH
Rat,2,2,1,14,Visual,FI,12,12,NaN,NaN,SCH
Rat,2,2,1,15,Visual,FI,12,12,NaN,NaN,SCH
Rat,2,2,1,16,Visual,FI,12,12,NaN,NaN,SCH
Rat,2,2,1,17,Visual,FI,12,12,NaN,NaN,SCH
Rat,2,2,1,18,Visual,FI,12,12,NaN,20.9894,SCH
Rat,2,2,1,19,Visual,FI,12,12,NaN,NaN,SCH
Rat,2,2,1,20,Visual,FI,12,12,NaN,NaN,SCH
Rat,2,2,1,21,Visual,FI,12,12,27.759225,28.831175,SCH
Rat,2,2,1,22,Visual,FI,12,12,NaN,NaN,SCH
Rat,2,2,1,23,Visual,FI,12,12,NaN,NaN,SCH
Rat,2,2,1,24,Visual,FI,12,12,85.713525,86.1585,SCH
Rat,2,2,1,25,Visual,FI,12,12,NaN,NaN,SCH
Rat,2,2,1,26,Visual,FI,12,12,21.444375,26.838225,SCH
Rat,2,2,1,27,Visual,FI,12,12,19.492425,21.61535,SCH
Rat,2,2,1,28,Visual,FI,12,12,12.47065,12.72165,SCH
Rat,2,2,1,29,Visual,FI,12,12,NaN,NaN,SCH
Rat,2,2,1,30,Visual,FI,12,12,NaN,NaN,SCH
Rat,2,2,1,31,Visual,FI,12,12,NaN,NaN,SCH
Rat,2,2,1,32,Visual,FI,12,12,NaN,NaN,SCH
Rat,2,2,1,33,Visual,FI,12,12,30.9771,31.5221,SCH
Rat,2,2,1,34,Visual,FI,12,12,NaN,NaN,SCH
Rat,2,2,1,35,Visual,FI,12,12,NaN,NaN,SCH
Rat,2,2,1,36,Visual,FI,12,12,14.847575,23.6363,SCH
Rat,2,2,1,37,Visual,FI,12,12,NaN,NaN,SCH
Rat,2,2,1,38,Visual,FI,12,12,271.8301,279.92885,SCH
Rat,2,2,1,39,Visual,FI,12,12,NaN,NaN,SCH
Rat,2,2,1,40,Visual,FI,12,12,NaN,NaN,SCH
Rat,2,2,1,41,Visual,FI,12,12,31.50405,32.166025,SCH
Rat,2,2,1,42,Visual,FI,12,12,31.6821,31.9361,SCH
Rat,2,2,1,43,Visual,FI,12,12,NaN,NaN,SCH
Rat,2,2,1,44,Visual,FI,12,12,21.7854,22.400325,SCH
Rat,2,2,1,45,Visual,FI,12,12,58.561275,58.748275,SCH
Rat,2,2,1,46,Visual,FI,12,12,14.747625,15.0116,SCH
Rat,2,2,1,47,Visual,FI,12,12,97.957125,101.43205,SCH
Rat,2,2,1,48,Visual,FI,12,12,NaN,NaN,SCH
Rat,2,2,1,49,Visual,FI,12,12,NaN,NaN,SCH
Rat,2,2,1,50,Visual,FI,12,12,NaN,NaN,SCH
Rat,2,2,1,51,Visual,FI,12,12,NaN,NaN,SCH
Rat,2,2,1,52,Visual,FI,12,12,189.6255,190.19345,SCH
Rat,2,2,1,53,Visual,FI,12,12,156.30745,156.813425,SCH
Rat,2,2,1,54,Visual,FI,12,12,33.06005,33.341025,SCH
Rat,2,2,1,55,Visual,FI,12,12,NaN,NaN,SCH
Rat,2,2,1,56,Visual,FI,12,12,0,0,SCH
Rat,2,2,1,1,Visual,FI,12,12,NaN,NaN,SKF
Rat,2,2,1,2,Visual,FI,12,12,NaN,NaN,SKF
Rat,2,2,1,3,Visual,FI,12,12,22.23835,22.46935,SKF
Rat,2,2,1,4,Visual,FI,12,12,41.7528,41.9568,SKF
Rat,2,2,1,5,Visual,FI,12,12,NaN,NaN,SKF
Rat,2,2,1,6,Visual,FI,12,12,26.03425,26.27825,SKF
Rat,2,2,1,7,Visual,FI,12,12,23.633325,23.90625,SKF
Rat,2,2,1,8,Visual,FI,12,12,NaN,NaN,SKF
Rat,2,2,1,9,Visual,FI,12,12,NaN,NaN,SKF
Rat,2,2,1,10,Visual,FI,12,12,NaN,NaN,SKF
Rat,2,2,1,11,Visual,FI,12,12,22.93935,23.180325,SKF
Rat,2,2,1,12,Visual,FI,12,12,NaN,NaN,SKF
Rat,2,2,1,13,Visual,FI,12,12,NaN,NaN,SKF
Rat,2,2,1,14,Visual,FI,12,12,NaN,NaN,SKF
Rat,2,2,1,15,Visual,FI,12,12,NaN,NaN,SKF
Rat,2,2,1,16,Visual,FI,12,12,21.5904,23.67835,SKF
Rat,2,2,1,17,Visual,FI,12,12,NaN,NaN,SKF
Rat,2,2,1,18,Visual,FI,12,12,28.1632,28.39615,SKF
Rat,2,2,1,19,Visual,FI,12,12,71.11295,71.33195,SKF
Rat,2,2,1,20,Visual,FI,12,12,NaN,NaN,SKF
Rat,2,2,1,21,Visual,FI,12,12,NaN,NaN,SKF
Rat,2,2,1,22,Visual,FI,12,12,18.0025,18.243475,SKF
Rat,2,2,1,23,Visual,FI,12,12,NaN,NaN,SKF
Rat,2,2,1,24,Visual,FI,12,12,NaN,NaN,SKF
Rat,2,2,1,25,Visual,FI,12,12,23.630325,23.783325,SKF
Rat,2,2,1,26,Visual,FI,12,12,NaN,NaN,SKF
Rat,2,2,1,27,Visual,FI,12,12,30.3621,30.8071,SKF
Rat,2,2,1,28,Visual,FI,12,12,NaN,NaN,SKF
Rat,2,2,1,29,Visual,FI,12,12,NaN,NaN,SKF
Rat,2,2,1,30,Visual,FI,12,12,85.7495,85.959475,SKF
Rat,2,2,1,31,Visual,FI,12,12,NaN,NaN,SKF
Rat,2,2,1,32,Visual,FI,12,12,NaN,NaN,SKF
Rat,2,2,1,33,Visual,FI,12,12,NaN,NaN,SKF
Rat,2,2,1,34,Visual,FI,12,12,14.8486,15.089575,SKF
Rat,2,2,1,35,Visual,FI,12,12,NaN,NaN,SKF
Rat,2,2,1,36,Visual,FI,12,12,27.0722,27.368175,SKF
Rat,2,2,1,37,Visual,FI,12,12,26.553225,26.876175,SKF
Rat,2,2,1,38,Visual,FI,12,12,NaN,NaN,SKF
Rat,2,2,1,39,Visual,FI,12,12,NaN,NaN,SKF
Rat,2,2,1,40,Visual,FI,12,12,18.21345,18.99145,SKF
Rat,2,2,1,41,Visual,FI,12,12,26.20525,26.36225,SKF
Rat,2,2,1,42,Visual,FI,12,12,NaN,NaN,SKF
Rat,2,2,1,43,Visual,FI,12,12,NaN,NaN,SKF
Rat,2,2,1,44,Visual,FI,12,12,19.76145,20.3964,SKF
Rat,2,2,1,45,Visual,FI,12,12,NaN,NaN,SKF
Rat,2,2,1,46,Visual,FI,12,12,NaN,NaN,SKF
Rat,2,2,1,47,Visual,FI,12,12,NaN,NaN,SKF
Rat,2,2,1,48,Visual,FI,12,12,NaN,NaN,SKF
Rat,2,2,1,49,Visual,FI,12,12,NaN,NaN,SKF
Rat,2,2,1,50,Visual,FI,12,12,NaN,NaN,SKF
Rat,2,2,1,51,Visual,FI,12,12,NaN,NaN,SKF
Rat,2,2,1,52,Visual,FI,12,12,NaN,NaN,SKF
Rat,2,2,1,53,Visual,FI,12,12,NaN,NaN,SKF
Rat,2,2,1,54,Visual,FI,12,12,NaN,NaN,SKF
Rat,2,2,1,55,Visual,FI,12,12,NaN,NaN,SKF
Rat,2,2,1,56,Visual,FI,12,12,NaN,NaN,SKF
Rat,2,2,1,57,Visual,FI,12,12,NaN,NaN,SKF
Rat,2,2,1,58,Visual,FI,12,12,NaN,NaN,SKF
Rat,2,2,1,59,Visual,FI,12,12,NaN,NaN,SKF
Rat,2,2,1,60,Visual,FI,12,12,66.7361,66.953075,SKF
Rat,2,2,1,61,Visual,FI,12,12,NaN,NaN,SKF
Rat,2,2,1,62,Visual,FI,12,12,24.619325,24.931275,SKF
Rat,2,2,1,63,Visual,FI,12,12,NaN,NaN,SKF
Rat,2,2,1,64,Visual,FI,12,12,42.90075,43.17275,SKF
Rat,2,2,1,65,Visual,FI,12,12,12.13365,12.581625,SKF
Rat,2,2,1,66,Visual,FI,12,12,14.3066,14.450575,SKF
Rat,2,2,1,67,Visual,FI,12,12,NaN,NaN,SKF
Rat,2,2,1,68,Visual,FI,12,12,NaN,NaN,SKF
Rat,2,2,1,69,Visual,FI,12,12,13.01765,NaN,SKF
Rat,2,2,1,70,Visual,FI,12,12,NaN,NaN,SKF
Rat,2,2,1,71,Visual,FI,12,12,NaN,NaN,SKF
Rat,2,2,1,72,Visual,FI,12,12,13.1556,13.3766,SKF
Rat,2,2,1,73,Visual,FI,12,12,NaN,NaN,SKF
Rat,2,2,1,74,Visual,FI,12,12,NaN,NaN,SKF
Rat,2,2,1,75,Visual,FI,12,12,81.70265,84.530525,SKF
Rat,2,2,1,76,Visual,FI,12,12,127.5123,127.823275,SKF
Rat,2,2,1,77,Visual,FI,12,12,NaN,13.591575,SKF
Rat,2,2,1,78,Visual,FI,12,12,NaN,NaN,SKF
Rat,2,2,1,79,Visual,FI,12,12,NaN,NaN,SKF
Rat,2,2,1,80,Visual,FI,12,12,NaN,NaN,SKF
Rat,2,2,1,81,Visual,FI,12,12,NaN,NaN,SKF
Rat,2,2,1,82,Visual,FI,12,12,NaN,NaN,SKF
Rat,2,2,1,83,Visual,FI,12,12,NaN,NaN,SKF
Rat,2,2,1,84,Visual,FI,12,12,17.304525,17.4295,SKF
Rat,2,2,1,85,Visual,FI,12,12,78.438775,78.61075,SKF
Rat,2,2,1,86,Visual,FI,12,12,NaN,NaN,SKF
Rat,2,2,1,87,Visual,FI,12,12,31.4231,33.501025,SKF
Rat,2,2,1,88,Visual,FI,12,12,62.2512,64.092125,SKF
Rat,2,2,1,89,Visual,FI,12,12,25.717275,25.98225,SKF
Rat,2,2,1,90,Visual,FI,12,12,36.940925,37.1379,SKF
Rat,2,2,1,91,Visual,FI,12,12,NaN,NaN,SKF
Rat,2,2,1,92,Visual,FI,12,12,33.738,34.401975,SKF
Rat,2,2,1,93,Visual,FI,12,12,15.12155,15.328525,SKF
Rat,2,2,1,94,Visual,FI,12,12,NaN,NaN,SKF
Rat,2,2,1,95,Visual,FI,12,12,NaN,NaN,SKF
Rat,2,2,1,96,Visual,FI,12,12,NaN,NaN,SKF
Rat,2,2,1,97,Visual,FI,12,12,31.636075,31.881075,SKF
Rat,2,2,1,98,Visual,FI,12,12,0,0,SKF
Rat,3,3,1,1,Visual,FI,12,12,0,0,Saline
Rat,3,3,1,2,Visual,FI,12,12,NaN,NaN,Saline
Rat,3,3,1,3,Visual,FI,12,12,NaN,NaN,Saline
Rat,3,3,1,4,Visual,FI,12,12,NaN,NaN,Saline
Rat,3,3,1,5,Visual,FI,12,12,NaN,NaN,Saline
Rat,3,3,1,6,Visual,FI,12,12,NaN,NaN,Saline
Rat,3,3,1,7,Visual,FI,12,12,NaN,NaN,Saline
Rat,3,3,1,8,Visual,FI,12,12,NaN,NaN,Saline
Rat,3,3,1,9,Visual,FI,12,12,NaN,NaN,Saline
Rat,3,3,1,10,Visual,FI,12,12,NaN,NaN,Saline
Rat,3,3,1,11,Visual,FI,12,12,NaN,NaN,Saline
Rat,3,3,1,12,Visual,FI,12,12,NaN,NaN,Saline
Rat,3,3,1,13,Visual,FI,12,12,NaN,NaN,Saline
Rat,3,3,1,14,Visual,FI,12,12,NaN,NaN,Saline
Rat,3,3,1,15,Visual,FI,12,12,NaN,NaN,Saline
Rat,3,3,1,16,Visual,FI,12,12,NaN,NaN,Saline
Rat,3,3,1,17,Visual,FI,12,12,NaN,NaN,Saline
Rat,3,3,1,18,Visual,FI,12,12,NaN,NaN,Saline
Rat,3,3,1,19,Visual,FI,12,12,15.259575,15.51155,Saline
Rat,3,3,1,20,Visual,FI,12,12,NaN,NaN,Saline
Rat,3,3,1,21,Visual,FI,12,12,NaN,NaN,Saline
Rat,3,3,1,22,Visual,FI,12,12,NaN,NaN,Saline
Rat,3,3,1,23,Visual,FI,12,12,NaN,NaN,Saline
Rat,3,3,1,24,Visual,FI,12,12,NaN,NaN,Saline
Rat,3,3,1,25,Visual,FI,12,12,168.606225,170.11815,Saline
Rat,3,3,1,26,Visual,FI,12,12,0,0,Saline
Rat,3,3,1,27,Visual,FI,12,12,NaN,503.08955,Saline
Rat,3,3,1,28,Visual,FI,12,12,NaN,NaN,Saline
Rat,3,3,1,29,Visual,FI,12,12,33.126025,36.585925,Saline
Rat,3,3,1,30,Visual,FI,12,12,NaN,NaN,Saline
Rat,3,3,1,31,Visual,FI,12,12,NaN,NaN,Saline
Rat,3,3,1,32,Visual,FI,12,12,NaN,27.8672,Saline
Rat,3,3,1,33,Visual,FI,12,12,12.009675,NaN,Saline
Rat,3,3,1,34,Visual,FI,12,12,46.290675,47.7196,Saline
Rat,3,3,1,35,Visual,FI,12,12,277.13505,282.2209,Saline
Rat,3,3,1,36,Visual,FI,12,12,NaN,NaN,Saline
Rat,3,3,1,37,Visual,FI,12,12,NaN,NaN,Saline
Rat,3,3,1,38,Visual,FI,12,12,NaN,NaN,Saline
Rat,3,3,1,39,Visual,FI,12,12,NaN,NaN,Saline
Rat,3,3,1,40,Visual,FI,12,12,NaN,9.706725,Saline
Rat,3,3,1,41,Visual,FI,12,12,NaN,NaN,Saline
Rat,3,3,1,42,Visual,FI,12,12,NaN,NaN,Saline
Rat,3,3,1,43,Visual,FI,12,12,NaN,NaN,Saline
Rat,3,3,1,44,Visual,FI,12,12,NaN,NaN,Saline
Rat,3,3,1,45,Visual,FI,12,12,NaN,NaN,Saline
Rat,3,3,1,1,Visual,FI,12,12,NaN,224.547675,SCH
Rat,3,3,1,2,Visual,FI,12,12,13.8136,14.3526,SCH
Rat,3,3,1,3,Visual,FI,12,12,16.779575,16.99655,SCH
Rat,3,3,1,4,Visual,FI,12,12,23.861325,24.362325,SCH
Rat,3,3,1,5,Visual,FI,12,12,30.154175,31.249125,SCH
Rat,3,3,1,6,Visual,FI,12,12,63.447225,64.240175,SCH
Rat,3,3,1,7,Visual,FI,12,12,31.866125,32.093075,SCH
Rat,3,3,1,8,Visual,FI,12,12,27.06825,27.315225,SCH
Rat,3,3,1,9,Visual,FI,12,12,78.3358,78.557775,SCH
Rat,3,3,1,10,Visual,FI,12,12,NaN,NaN,SCH
Rat,3,3,1,11,Visual,FI,12,12,50.5966,51.52355,SCH
Rat,3,3,1,12,Visual,FI,12,12,24.377325,25.2933,SCH
Rat,3,3,1,13,Visual,FI,12,12,NaN,NaN,SCH
Rat,3,3,1,14,Visual,FI,12,12,32.3901,32.860075,SCH
Rat,3,3,1,15,Visual,FI,12,12,NaN,NaN,SCH
Rat,3,3,1,16,Visual,FI,12,12,36.417975,36.779975,SCH
Rat,3,3,1,17,Visual,FI,12,12,NaN,NaN,SCH
Rat,3,3,1,18,Visual,FI,12,12,28.4592,30.967125,SCH
Rat,3,3,1,19,Visual,FI,12,12,NaN,NaN,SCH
Rat,3,3,1,20,Visual,FI,12,12,NaN,NaN,SCH
Rat,3,3,1,21,Visual,FI,12,12,NaN,NaN,SCH
Rat,3,3,1,22,Visual,FI,12,12,21.1824,21.437375,SCH
Rat,3,3,1,23,Visual,FI,12,12,19.718475,19.90945,SCH
Rat,3,3,1,24,Visual,FI,12,12,14.0176,14.938575,SCH
Rat,3,3,1,25,Visual,FI,12,12,NaN,NaN,SCH
Rat,3,3,1,26,Visual,FI,12,12,16.466525,17.020525,SCH
Rat,3,3,1,27,Visual,FI,12,12,NaN,NaN,SCH
Rat,3,3,1,28,Visual,FI,12,12,14.306625,16.050575,SCH
Rat,3,3,1,29,Visual,FI,12,12,33.67805,34.322025,SCH
Rat,3,3,1,30,Visual,FI,12,12,NaN,NaN,SCH
Rat,3,3,1,31,Visual,FI,12,12,15.2336,15.399575,SCH
Rat,3,3,1,32,Visual,FI,12,12,NaN,NaN,SCH
Rat,3,3,1,33,Visual,FI,12,12,NaN,NaN,SCH
Rat,3,3,1,34,Visual,FI,12,12,NaN,NaN,SCH
Rat,3,3,1,35,Visual,FI,12,12,26.22725,26.444225,SCH
Rat,3,3,1,36,Visual,FI,12,12,16.218525,18.50245,SCH
Rat,3,3,1,37,Visual,FI,12,12,25.647275,26.154275,SCH
Rat,3,3,1,38,Visual,FI,12,12,13.05465,13.607625,SCH
Rat,3,3,1,39,Visual,FI,12,12,NaN,NaN,SCH
Rat,3,3,1,40,Visual,FI,12,12,NaN,NaN,SCH
Rat,3,3,1,41,Visual,FI,12,12,0,0,SCH
Rat,3,3,1,42,Visual,FI,12,12,14.4397,15.243675,SCH
Rat,3,3,1,43,Visual,FI,12,12,17.713525,18.2575,SCH
Rat,3,3,1,44,Visual,FI,12,12,NaN,NaN,SCH
Rat,3,3,1,45,Visual,FI,12,12,NaN,NaN,SCH
Rat,3,3,1,46,Visual,FI,12,12,NaN,NaN,SCH
Rat,3,3,1,47,Visual,FI,12,12,NaN,NaN,SCH
Rat,3,3,1,48,Visual,FI,12,12,NaN,NaN,SCH
Rat,3,3,1,49,Visual,FI,12,12,39.346875,42.124825,SCH
Rat,3,3,1,50,Visual,FI,12,12,NaN,NaN,SCH
Rat,3,3,1,51,Visual,FI,12,12,16.920525,18.50845,SCH
Rat,3,3,1,52,Visual,FI,12,12,NaN,NaN,SCH
Rat,3,3,1,53,Visual,FI,12,12,27.2412,27.398175,SCH
Rat,3,3,1,54,Visual,FI,12,12,16.494525,18.645475,SCH
Rat,3,3,1,55,Visual,FI,12,12,14.7636,16.577525,SCH
Rat,3,3,1,56,Visual,FI,12,12,34.503025,34.719,SCH
Rat,3,3,1,57,Visual,FI,12,12,NaN,NaN,SCH
Rat,3,3,1,58,Visual,FI,12,12,21.0254,21.253375,SCH
Rat,3,3,1,59,Visual,FI,12,12,NaN,NaN,SCH
Rat,3,3,1,60,Visual,FI,12,12,NaN,NaN,SCH
Rat,3,3,1,61,Visual,FI,12,12,NaN,27.4802,SCH
Rat,3,3,1,62,Visual,FI,12,12,NaN,NaN,SCH
Rat,3,3,1,63,Visual,FI,12,12,15.660575,16.33455,SCH
Rat,3,3,1,64,Visual,FI,12,12,24.9033,25.96025,SCH
Rat,3,3,1,65,Visual,FI,12,12,NaN,NaN,SCH
Rat,3,3,1,66,Visual,FI,12,12,NaN,NaN,SCH
Rat,3,3,1,67,Visual,FI,12,12,NaN,NaN,SCH
Rat,3,3,1,68,Visual,FI,12,12,36.884975,36.97895,SCH
Rat,3,3,1,69,Visual,FI,12,12,14.626575,15.057575,SCH
Rat,3,3,1,70,Visual,FI,12,12,NaN,NaN,SCH
Rat,3,3,1,71,Visual,FI,12,12,NaN,NaN,SCH
Rat,3,3,1,72,Visual,FI,12,12,26.382225,30.260125,SCH
Rat,3,3,1,73,Visual,FI,12,12,NaN,NaN,SCH
Rat,3,3,1,74,Visual,FI,12,12,15.55755,18.240475,SCH
Rat,3,3,1,75,Visual,FI,12,12,73.071925,74.428875,SCH
Rat,3,3,1,76,Visual,FI,12,12,18.703475,19.39545,SCH
Rat,3,3,1,77,Visual,FI,12,12,40.044825,42.70675,SCH
Rat,3,3,1,78,Visual,FI,12,12,16.077575,19.774425,SCH
Rat,3,3,1,79,Visual,FI,12,12,15.369575,18.026425,SCH
Rat,3,3,1,80,Visual,FI,12,12,28.1362,28.4012,SCH
Rat,3,3,1,81,Visual,FI,12,12,NaN,NaN,SCH
Rat,3,3,1,82,Visual,FI,12,12,18.983425,19.5534,SCH
Rat,3,3,1,83,Visual,FI,12,12,14.3076,17.1165,SCH
Rat,3,3,1,84,Visual,FI,12,12,NaN,NaN,SCH
Rat,3,3,1,85,Visual,FI,12,12,21.636375,22.985325,SCH
Rat,3,3,1,86,Visual,FI,12,12,NaN,NaN,SCH
Rat,3,3,1,87,Visual,FI,12,12,15.0106,16.39155,SCH
Rat,3,3,1,88,Visual,FI,12,12,12.50465,14.670575,SCH
Rat,3,3,1,89,Visual,FI,12,12,110.909825,111.436775,SCH
Rat,3,3,1,90,Visual,FI,12,12,NaN,NaN,SCH
Rat,3,3,1,91,Visual,FI,12,12,NaN,NaN,SCH
Rat,3,3,1,92,Visual,FI,12,12,42.8808,43.78475,SCH
Rat,3,3,1,93,Visual,FI,12,12,12.90565,13.3666,SCH
Rat,3,3,1,94,Visual,FI,12,12,17.734475,18.946425,SCH
Rat,3,3,1,95,Visual,FI,12,12,22.468375,24.241325,SCH
Rat,3,3,1,96,Visual,FI,12,12,14.727575,16.517525,SCH
Rat,3,3,1,97,Visual,FI,12,12,0,0,SCH
Rat,3,3,1,1,Visual,FI,12,12,NaN,NaN,SKF
Rat,3,3,1,2,Visual,FI,12,12,36.85395,41.6168,SKF
Rat,3,3,1,3,Visual,FI,12,12,17.1705,19.689425,SKF
Rat,3,3,1,4,Visual,FI,12,12,25.91225,26.8212,SKF
Rat,3,3,1,5,Visual,FI,12,12,18.4895,18.865475,SKF
Rat,3,3,1,6,Visual,FI,12,12,18.8844,20.309375,SKF
Rat,3,3,1,7,Visual,FI,12,12,19.495425,21.223375,SKF
Rat,3,3,1,8,Visual,FI,12,12,15.86955,16.759525,SKF
Rat,3,3,1,9,Visual,FI,12,12,NaN,NaN,SKF
Rat,3,3,1,10,Visual,FI,12,12,NaN,NaN,SKF
Rat,3,3,1,11,Visual,FI,12,12,NaN,NaN,SKF
Rat,3,3,1,12,Visual,FI,12,12,30.283125,30.5811,SKF
Rat,3,3,1,13,Visual,FI,12,12,33.976,34.613975,SKF
Rat,3,3,1,14,Visual,FI,12,12,NaN,NaN,SKF
Rat,3,3,1,15,Visual,FI,12,12,NaN,NaN,SKF
Rat,3,3,1,16,Visual,FI,12,12,20.7024,24.2233,SKF
Rat,3,3,1,17,Visual,FI,12,12,34.689975,36.1989,SKF
Rat,3,3,1,18,Visual,FI,12,12,NaN,NaN,SKF
Rat,3,3,1,19,Visual,FI,12,12,NaN,NaN,SKF
Rat,3,3,1,20,Visual,FI,12,12,13.902575,14.17255,SKF
Rat,3,3,1,21,Visual,FI,12,12,13.6456,14.111575,SKF
Rat,3,3,1,22,Visual,FI,12,12,NaN,NaN,SKF
Rat,3,3,1,23,Visual,FI,12,12,12.37965,12.768625,SKF
Rat,3,3,1,24,Visual,FI,12,12,23.404325,23.6703,SKF
Rat,3,3,1,25,Visual,FI,12,12,NaN,NaN,SKF
Rat,3,3,1,26,Visual,FI,12,12,12.02365,13.753575,SKF
Rat,3,3,1,27,Visual,FI,12,12,27.122225,28.70315,SKF
Rat,3,3,1,28,Visual,FI,12,12,NaN,NaN,SKF
Rat,3,3,1,29,Visual,FI,12,12,0,0,SKF
Rat,3,3,1,30,Visual,FI,12,12,NaN,31.5281,SKF
Rat,3,3,1,31,Visual,FI,12,12,NaN,NaN,SKF
Rat,3,3,1,32,Visual,FI,12,12,22.70235,25.15825,SKF
Rat,3,3,1,33,Visual,FI,12,12,NaN,NaN,SKF
Rat,3,3,1,34,Visual,FI,12,12,NaN,NaN,SKF
Rat,3,3,1,35,Visual,FI,12,12,22.21335,23.232275,SKF
Rat,3,3,1,36,Visual,FI,12,12,NaN,NaN,SKF
Rat,3,3,1,37,Visual,FI,12,12,NaN,NaN,SKF
Rat,3,3,1,38,Visual,FI,12,12,NaN,NaN,SKF
Rat,3,3,1,39,Visual,FI,12,12,17.838475,18.53545,SKF
Rat,3,3,1,40,Visual,FI,12,12,NaN,NaN,SKF
Rat,3,3,1,41,Visual,FI,12,12,NaN,NaN,SKF
Rat,3,3,1,42,Visual,FI,12,12,NaN,NaN,SKF
Rat,3,3,1,43,Visual,FI,12,12,17.6485,20.573375,SKF
Rat,3,3,1,44,Visual,FI,12,12,48.257575,48.38555,SKF
Rat,3,3,1,45,Visual,FI,12,12,19.996425,24.4003,SKF
Rat,3,3,1,46,Visual,FI,12,12,23.839275,24.66425,SKF
Rat,3,3,1,47,Visual,FI,12,12,NaN,NaN,SKF
Rat,3,3,1,48,Visual,FI,12,12,NaN,NaN,SKF
Rat,3,3,1,49,Visual,FI,12,12,12.32465,12.737625,SKF
Rat,3,3,1,50,Visual,FI,12,12,NaN,0,SKF
Rat,3,3,1,51,Visual,FI,12,12,31.44405,NaN,SKF
Rat,3,3,1,52,Visual,FI,12,12,19.07545,19.267425,SKF
Rat,3,3,1,53,Visual,FI,12,12,20.713375,23.0863,SKF
Rat,3,3,1,54,Visual,FI,12,12,NaN,NaN,SKF
Rat,3,3,1,55,Visual,FI,12,12,15.91355,18.010475,SKF
Rat,3,3,1,56,Visual,FI,12,12,21.325375,21.52035,SKF
Rat,3,3,1,57,Visual,FI,12,12,NaN,NaN,SKF
Rat,3,3,1,58,Visual,FI,12,12,NaN,NaN,SKF
Rat,3,3,1,59,Visual,FI,12,12,17.467525,19.15745,SKF
Rat,3,3,1,60,Visual,FI,12,12,NaN,NaN,SKF
Rat,3,3,1,61,Visual,FI,12,12,NaN,29.5811,SKF
Rat,3,3,1,62,Visual,FI,12,12,NaN,NaN,SKF
Rat,3,3,1,63,Visual,FI,12,12,NaN,NaN,SKF
Rat,3,3,1,64,Visual,FI,12,12,NaN,NaN,SKF
Rat,3,3,1,65,Visual,FI,12,12,27.6382,27.7872,SKF
Rat,3,3,1,66,Visual,FI,12,12,21.790375,24.4003,SKF
Rat,3,3,1,67,Visual,FI,12,12,NaN,NaN,SKF
Rat,3,3,1,68,Visual,FI,12,12,NaN,NaN,SKF
Rat,3,3,1,69,Visual,FI,12,12,NaN,NaN,SKF
Rat,3,3,1,70,Visual,FI,12,12,NaN,NaN,SKF
Rat,3,3,1,71,Visual,FI,12,12,NaN,NaN,SKF
Rat,3,3,1,72,Visual,FI,12,12,13.326625,18.95645,SKF
Rat,3,3,1,73,Visual,FI,12,12,14.2076,14.656575,SKF
Rat,3,3,1,74,Visual,FI,12,12,18.951425,26.5392,SKF
Rat,3,3,1,75,Visual,FI,12,12,17.5675,18.430475,SKF
Rat,3,3,1,76,Visual,FI,12,12,NaN,NaN,SKF
Rat,3,3,1,77,Visual,FI,12,12,NaN,NaN,SKF
Rat,3,3,1,78,Visual,FI,12,12,12.06665,13.0976,SKF
Rat,3,3,1,79,Visual,FI,12,12,18.285475,20.2474,SKF
Rat,3,3,1,80,Visual,FI,12,12,32.06705,32.347025,SKF
Rat,3,3,1,81,Visual,FI,12,12,NaN,NaN,SKF
Rat,3,3,1,82,Visual,FI,12,12,NaN,NaN,SKF
Rat,3,3,1,83,Visual,FI,12,12,NaN,NaN,SKF
Rat,3,3,1,84,Visual,FI,12,12,NaN,NaN,SKF
Rat,3,3,1,85,Visual,FI,12,12,84.044525,84.6035,SKF
Rat,3,3,1,86,Visual,FI,12,12,NaN,NaN,SKF
Rat,3,3,1,87,Visual,FI,12,12,13.446625,19.679425,SKF
Rat,3,3,1,88,Visual,FI,12,12,NaN,NaN,SKF
Rat,3,3,1,89,Visual,FI,12,12,17.1565,23.125325,SKF
Rat,3,3,1,90,Visual,FI,12,12,18.812475,20.2194,SKF
Rat,3,3,1,91,Visual,FI,12,12,NaN,NaN,SKF
Rat,3,3,1,92,Visual,FI,12,12,NaN,17.4055,SKF
Rat,3,3,1,93,Visual,FI,12,12,NaN,NaN,SKF
Rat,3,3,1,94,Visual,FI,12,12,NaN,NaN,SKF
Rat,3,3,1,95,Visual,FI,12,12,NaN,NaN,SKF
Rat,3,3,1,96,Visual,FI,12,12,NaN,NaN,SKF
Rat,3,3,1,97,Visual,FI,12,12,13.439625,13.7676,SKF
Rat,3,3,1,98,Visual,FI,12,12,15.20255,19.30345,SKF
Rat,3,3,1,99,Visual,FI,12,12,NaN,NaN,SKF
Rat,3,3,1,100,Visual,FI,12,12,NaN,NaN,SKF
Rat,3,3,1,101,Visual,FI,12,12,NaN,NaN,SKF
Rat,3,3,1,102,Visual,FI,12,12,40.08485,45.269675,SKF
Rat,3,3,1,103,Visual,FI,12,12,NaN,NaN,SKF
Rat,3,3,1,104,Visual,FI,12,12,0,0,SKF
Rat,4,4,1,1,Visual,FI,12,12,3.092875,3.2959,Saline
Rat,4,4,1,2,Visual,FI,12,12,0,0,Saline
Rat,4,4,1,3,Visual,FI,12,12,NaN,42.457775,Saline
Rat,4,4,1,4,Visual,FI,12,12,NaN,NaN,Saline
Rat,4,4,1,5,Visual,FI,12,12,NaN,NaN,Saline
Rat,4,4,1,6,Visual,FI,12,12,22.80235,23.180325,Saline
Rat,4,4,1,7,Visual,FI,12,12,NaN,NaN,Saline
Rat,4,4,1,8,Visual,FI,12,12,17.414475,17.70245,Saline
Rat,4,4,1,9,Visual,FI,12,12,NaN,NaN,Saline
Rat,4,4,1,10,Visual,FI,12,12,NaN,NaN,Saline
Rat,4,4,1,11,Visual,FI,12,12,NaN,NaN,Saline
Rat,4,4,1,12,Visual,FI,12,12,62.88515,63.4611,Saline
Rat,4,4,1,13,Visual,FI,12,12,22.42635,22.556325,Saline
Rat,4,4,1,14,Visual,FI,12,12,106.326825,107.040825,Saline
Rat,4,4,1,15,Visual,FI,12,12,NaN,NaN,Saline
Rat,4,4,1,16,Visual,FI,12,12,18.26945,19.1414,Saline
Rat,4,4,1,17,Visual,FI,12,12,43.6627,44.1837,Saline
Rat,4,4,1,18,Visual,FI,12,12,29.073125,34.371975,Saline
Rat,4,4,1,19,Visual,FI,12,12,16.669575,17.883525,Saline
Rat,4,4,1,20,Visual,FI,12,12,34.758925,35.1219,Saline
Rat,4,4,1,21,Visual,FI,12,12,29.653125,30.419125,Saline
Rat,4,4,1,22,Visual,FI,12,12,NaN,NaN,Saline
Rat,4,4,1,23,Visual,FI,12,12,17.3875,17.754475,Saline
Rat,4,4,1,24,Visual,FI,12,12,59.83025,60.8442,Saline
Rat,4,4,1,25,Visual,FI,12,12,NaN,NaN,Saline
Rat,4,4,1,26,Visual,FI,12,12,117.076525,119.054425,Saline
Rat,4,4,1,27,Visual,FI,12,12,15.640575,15.99155,Saline
Rat,4,4,1,28,Visual,FI,12,12,NaN,NaN,Saline
Rat,4,4,1,29,Visual,FI,12,12,33.924975,37.45985,Saline
Rat,4,4,1,30,Visual,FI,12,12,NaN,NaN,Saline
Rat,4,4,1,31,Visual,FI,12,12,26.1222,26.524175,Saline
Rat,4,4,1,32,Visual,FI,12,12,NaN,NaN,Saline
Rat,4,4,1,33,Visual,FI,12,12,NaN,NaN,Saline
Rat,4,4,1,34,Visual,FI,12,12,NaN,NaN,Saline
Rat,4,4,1,35,Visual,FI,12,12,21.92435,23.9393,Saline
Rat,4,4,1,36,Visual,FI,12,12,13.6116,13.7096,Saline
Rat,4,4,1,37,Visual,FI,12,12,NaN,27.770175,Saline
Rat,4,4,1,38,Visual,FI,12,12,NaN,NaN,Saline
Rat,4,4,1,39,Visual,FI,12,12,16.6995,18.01845,Saline
Rat,4,4,1,40,Visual,FI,12,12,73.6028,75.494725,Saline
Rat,4,4,1,41,Visual,FI,12,12,NaN,NaN,Saline
Rat,4,4,1,42,Visual,FI,12,12,NaN,NaN,Saline
Rat,4,4,1,43,Visual,FI,12,12,35.1169,36.769875,Saline
Rat,4,4,1,44,Visual,FI,12,12,NaN,NaN,Saline
Rat,4,4,1,45,Visual,FI,12,12,34.73495,35.086925,Saline
Rat,4,4,1,46,Visual,FI,12,12,NaN,NaN,Saline
Rat,4,4,1,47,Visual,FI,12,12,43.8347,45.139625,Saline
Rat,4,4,1,48,Visual,FI,12,12,32.702025,38.485875,Saline
Rat,4,4,1,49,Visual,FI,12,12,NaN,NaN,Saline
Rat,4,4,1,50,Visual,FI,12,12,NaN,NaN,Saline
Rat,4,4,1,51,Visual,FI,12,12,NaN,NaN,Saline
Rat,4,4,1,52,Visual,FI,12,12,31.364075,31.59105,Saline
Rat,4,4,1,53,Visual,FI,12,12,45.23865,46.013625,Saline
Rat,4,4,1,54,Visual,FI,12,12,NaN,NaN,Saline
Rat,4,4,1,55,Visual,FI,12,12,NaN,NaN,Saline
Rat,4,4,1,56,Visual,FI,12,12,NaN,NaN,Saline
Rat,4,4,1,57,Visual,FI,12,12,NaN,NaN,Saline
Rat,4,4,1,58,Visual,FI,12,12,NaN,NaN,Saline
Rat,4,4,1,59,Visual,FI,12,12,43.613725,49.244525,Saline
Rat,4,4,1,60,Visual,FI,12,12,NaN,NaN,Saline
Rat,4,4,1,61,Visual,FI,12,12,35.126,35.232925,Saline
Rat,4,4,1,62,Visual,FI,12,12,NaN,61.9601,Saline
Rat,4,4,1,63,Visual,FI,12,12,13.033625,NaN,Saline
Rat,4,4,1,64,Visual,FI,12,12,NaN,NaN,Saline
Rat,4,4,1,65,Visual,FI,12,12,NaN,NaN,Saline
Rat,4,4,1,66,Visual,FI,12,12,NaN,NaN,Saline
Rat,4,4,1,67,Visual,FI,12,12,NaN,NaN,Saline
Rat,4,4,1,68,Visual,FI,12,12,19.9294,22.053325,Saline
Rat,4,4,1,69,Visual,FI,12,12,41.57675,41.910725,Saline
Rat,4,4,1,70,Visual,FI,12,12,NaN,NaN,Saline
Rat,4,4,1,71,Visual,FI,12,12,42.113725,42.9407,Saline
Rat,4,4,1,72,Visual,FI,12,12,NaN,NaN,Saline
Rat,4,4,1,73,Visual,FI,12,12,NaN,NaN,Saline
Rat,4,4,1,74,Visual,FI,12,12,NaN,NaN,Saline
Rat,4,4,1,75,Visual,FI,12,12,NaN,NaN,Saline
Rat,4,4,1,76,Visual,FI,12,12,37.22985,37.788825,Saline
Rat,4,4,1,77,Visual,FI,12,12,NaN,NaN,Saline
Rat,4,4,1,78,Visual,FI,12,12,NaN,NaN,Saline
Rat,4,4,1,79,Visual,FI,12,12,NaN,NaN,Saline
Rat,4,4,1,80,Visual,FI,12,12,NaN,NaN,Saline
Rat,4,4,1,81,Visual,FI,12,12,NaN,NaN,Saline
Rat,4,4,1,82,Visual,FI,12,12,41.16875,0,Saline
Rat,4,4,1,83,Visual,FI,12,12,NaN,NaN,Saline
Rat,4,4,1,84,Visual,FI,12,12,NaN,NaN,Saline
Rat,4,4,1,85,Visual,FI,12,12,0,0,Saline
Rat,4,4,1,1,Visual,FI,12,12,0,0,SCH
Rat,4,4,1,2,Visual,FI,12,12,NaN,18.532475,SCH
Rat,4,4,1,3,Visual,FI,12,12,NaN,NaN,SCH
Rat,4,4,1,4,Visual,FI,12,12,56.8574,57.466375,SCH
Rat,4,4,1,5,Visual,FI,12,12,NaN,NaN,SCH
Rat,4,4,1,6,Visual,FI,12,12,NaN,NaN,SCH
Rat,4,4,1,7,Visual,FI,12,12,NaN,NaN,SCH
Rat,4,4,1,8,Visual,FI,12,12,57.463325,58.3233,SCH
Rat,4,4,1,9,Visual,FI,12,12,42.971725,44.0777,SCH
Rat,4,4,1,10,Visual,FI,12,12,24.4333,24.830275,SCH
Rat,4,4,1,11,Visual,FI,12,12,NaN,NaN,SCH
Rat,4,4,1,12,Visual,FI,12,12,15.159525,16.509525,SCH
Rat,4,4,1,13,Visual,FI,12,12,NaN,NaN,SCH
Rat,4,4,1,14,Visual,FI,12,12,39.79385,40.082825,SCH
Rat,4,4,1,15,Visual,FI,12,12,25.43925,27.778175,SCH
Rat,4,4,1,16,Visual,FI,12,12,28.6252,29.646125,SCH
Rat,4,4,1,17,Visual,FI,12,12,NaN,NaN,SCH
Rat,4,4,1,18,Visual,FI,12,12,22.33935,22.858325,SCH
Rat,4,4,1,19,Visual,FI,12,12,NaN,NaN,SCH
Rat,4,4,1,20,Visual,FI,12,12,NaN,NaN,SCH
Rat,4,4,1,21,Visual,FI,12,12,NaN,NaN,SCH
Rat,4,4,1,22,Visual,FI,12,12,12.145625,12.387625,SCH
Rat,4,4,1,23,Visual,FI,12,12,43.040775,44.4277,SCH
Rat,4,4,1,24,Visual,FI,12,12,NaN,NaN,SCH
Rat,4,4,1,25,Visual,FI,12,12,NaN,NaN,SCH
Rat,4,4,1,26,Visual,FI,12,12,48.0376,49.791525,SCH
Rat,4,4,1,27,Visual,FI,12,12,69.6499,71.37285,SCH
Rat,4,4,1,28,Visual,FI,12,12,NaN,NaN,SCH
Rat,4,4,1,29,Visual,FI,12,12,NaN,NaN,SCH
Rat,4,4,1,30,Visual,FI,12,12,18.025475,19.868425,SCH
Rat,4,4,1,31,Visual,FI,12,12,12.43265,14.521575,SCH
Rat,4,4,1,32,Visual,FI,12,12,16.099525,17.3565,SCH
Rat,4,4,1,33,Visual,FI,12,12,NaN,NaN,SCH
Rat,4,4,1,34,Visual,FI,12,12,NaN,NaN,SCH
Rat,4,4,1,35,Visual,FI,12,12,14.798575,15.718525,SCH
Rat,4,4,1,36,Visual,FI,12,12,NaN,NaN,SCH
Rat,4,4,1,37,Visual,FI,12,12,15.25155,16.5595,SCH
Rat,4,4,1,38,Visual,FI,12,12,28.1322,29.30315,SCH
Rat,4,4,1,39,Visual,FI,12,12,NaN,NaN,SCH
Rat,4,4,1,40,Visual,FI,12,12,NaN,NaN,SCH
Rat,4,4,1,41,Visual,FI,12,12,20.339425,20.8374,SCH
Rat,4,4,1,42,Visual,FI,12,12,19.16745,19.48645,SCH
Rat,4,4,1,43,Visual,FI,12,12,NaN,NaN,SCH
Rat,4,4,1,44,Visual,FI,12,12,NaN,NaN,SCH
Rat,4,4,1,45,Visual,FI,12,12,NaN,NaN,SCH
Rat,4,4,1,46,Visual,FI,12,12,NaN,NaN,SCH
Rat,4,4,1,47,Visual,FI,12,12,90.377275,90.6503,SCH
Rat,4,4,1,48,Visual,FI,12,12,NaN,NaN,SCH
Rat,4,4,1,49,Visual,FI,12,12,NaN,NaN,SCH
Rat,4,4,1,50,Visual,FI,12,12,NaN,NaN,SCH
Rat,4,4,1,51,Visual,FI,12,12,56.3453,56.622275,SCH
Rat,4,4,1,52,Visual,FI,12,12,NaN,NaN,SCH
Rat,4,4,1,53,Visual,FI,12,12,47.79755,48.548525,SCH
Rat,4,4,1,54,Visual,FI,12,12,NaN,NaN,SCH
Rat,4,4,1,55,Visual,FI,12,12,NaN,NaN,SCH
Rat,4,4,1,56,Visual,FI,12,12,26.115225,28.23115,SCH
Rat,4,4,1,57,Visual,FI,12,12,NaN,NaN,SCH
Rat,4,4,1,58,Visual,FI,12,12,16.7505,17.77245,SCH
Rat,4,4,1,59,Visual,FI,12,12,NaN,NaN,SCH
Rat,4,4,1,60,Visual,FI,12,12,NaN,NaN,SCH
Rat,4,4,1,61,Visual,FI,12,12,17.94645,19.8974,SCH
Rat,4,4,1,62,Visual,FI,12,12,NaN,NaN,SCH
Rat,4,4,1,63,Visual,FI,12,12,24.900325,25.319275,SCH
Rat,4,4,1,64,Visual,FI,12,12,31.21805,32.238025,SCH
Rat,4,4,1,65,Visual,FI,12,12,12.33565,14.6856,SCH
Rat,4,4,1,66,Visual,FI,12,12,35.301925,36.0789,SCH
Rat,4,4,1,67,Visual,FI,12,12,NaN,NaN,SCH
Rat,4,4,1,68,Visual,FI,12,12,31.486075,32.210025,SCH
Rat,4,4,1,69,Visual,FI,12,12,12.073625,12.16665,SCH
Rat,4,4,1,70,Visual,FI,12,12,22.2933,23.70925,SCH
Rat,4,4,1,71,Visual,FI,12,12,NaN,NaN,SCH
Rat,4,4,1,72,Visual,FI,12,12,33.197,34.606925,SCH
Rat,4,4,1,73,Visual,FI,12,12,16.55155,18.93345,SCH
Rat,4,4,1,74,Visual,FI,12,12,19.8944,22.353325,SCH
Rat,4,4,1,75,Visual,FI,12,12,NaN,NaN,SCH
Rat,4,4,1,76,Visual,FI,12,12,20.0694,21.74935,SCH
Rat,4,4,1,77,Visual,FI,12,12,16.8825,19.659425,SCH
Rat,4,4,1,78,Visual,FI,12,12,53.10435,55.7843,SCH
Rat,4,4,1,79,Visual,FI,12,12,18.55745,19.2664,SCH
Rat,4,4,1,80,Visual,FI,12,12,13.716575,16.2985,SCH
Rat,4,4,1,81,Visual,FI,12,12,26.595225,28.006125,SCH
Rat,4,4,1,82,Visual,FI,12,12,NaN,NaN,SCH
Rat,4,4,1,83,Visual,FI,12,12,20.384425,22.55135,SCH
Rat,4,4,1,84,Visual,FI,12,12,NaN,NaN,SCH
Rat,4,4,1,85,Visual,FI,12,12,NaN,NaN,SCH
Rat,4,4,1,86,Visual,FI,12,12,NaN,NaN,SCH
Rat,4,4,1,87,Visual,FI,12,12,NaN,NaN,SCH
Rat,4,4,1,88,Visual,FI,12,12,NaN,NaN,SCH
Rat,4,4,1,89,Visual,FI,12,12,NaN,NaN,SCH
Rat,4,4,1,90,Visual,FI,12,12,NaN,NaN,SCH
Rat,4,4,1,91,Visual,FI,12,12,NaN,NaN,SCH
Rat,4,4,1,92,Visual,FI,12,12,NaN,NaN,SCH
Rat,4,4,1,93,Visual,FI,12,12,NaN,NaN,SCH
Rat,4,4,1,94,Visual,FI,12,12,NaN,NaN,SCH
Rat,4,4,1,95,Visual,FI,12,12,12.61065,14.569575,SCH
Rat,4,4,1,96,Visual,FI,12,12,NaN,NaN,SCH
Rat,4,4,1,97,Visual,FI,12,12,23.538325,23.9683,SCH
Rat,4,4,1,98,Visual,FI,12,12,52.6974,53.62635,SCH
Rat,4,4,1,99,Visual,FI,12,12,65.304025,0,SCH
Rat,4,4,1,1,Visual,FI,12,12,NaN,44.850625,SKF
Rat,4,4,1,2,Visual,FI,12,12,NaN,NaN,SKF
Rat,4,4,1,3,Visual,FI,12,12,NaN,NaN,SKF
Rat,4,4,1,4,Visual,FI,12,12,NaN,NaN,SKF
Rat,4,4,1,5,Visual,FI,12,12,74.96175,75.234725,SKF
Rat,4,4,1,6,Visual,FI,12,12,NaN,NaN,SKF
Rat,4,4,1,7,Visual,FI,12,12,NaN,NaN,SKF
Rat,4,4,1,8,Visual,FI,12,12,NaN,24.738225,SKF
Rat,4,4,1,9,Visual,FI,12,12,NaN,NaN,SKF
Rat,4,4,1,10,Visual,FI,12,12,42.636725,43.7947,SKF
Rat,4,4,1,11,Visual,FI,12,12,NaN,NaN,SKF
Rat,4,4,1,12,Visual,FI,12,12,NaN,NaN,SKF
Rat,4,4,1,13,Visual,FI,12,12,90.90425,92.116175,SKF
Rat,4,4,1,14,Visual,FI,12,12,18.24745,18.768425,SKF
Rat,4,4,1,15,Visual,FI,12,12,NaN,NaN,SKF
Rat,4,4,1,16,Visual,FI,12,12,NaN,NaN,SKF
Rat,4,4,1,17,Visual,FI,12,12,NaN,NaN,SKF
Rat,4,4,1,18,Visual,FI,12,12,NaN,NaN,SKF
Rat,4,4,1,19,Visual,FI,12,12,NaN,NaN,SKF
Rat,4,4,1,20,Visual,FI,12,12,NaN,NaN,SKF
Rat,4,4,1,21,Visual,FI,12,12,14.0876,16.1625,SKF
Rat,4,4,1,22,Visual,FI,12,12,42.18375,44.064675,SKF
Rat,4,4,1,23,Visual,FI,12,12,NaN,NaN,SKF
Rat,4,4,1,24,Visual,FI,12,12,NaN,NaN,SKF
Rat,4,4,1,25,Visual,FI,12,12,NaN,NaN,SKF
Rat,4,4,1,26,Visual,FI,12,12,19.8234,22.10535,SKF
Rat,4,4,1,27,Visual,FI,12,12,52.128425,0,SKF
Rat,4,4,1,28,Visual,FI,12,12,NaN,NaN,SKF
Rat,4,4,1,29,Visual,FI,12,12,NaN,NaN,SKF
Rat,4,4,1,30,Visual,FI,12,12,47.0886,0,SKF
Rat,4,4,1,31,Visual,FI,12,12,NaN,NaN,SKF
Rat,4,4,1,32,Visual,FI,12,12,NaN,NaN,SKF
Rat,4,4,1,33,Visual,FI,12,12,NaN,NaN,SKF
Rat,4,4,1,34,Visual,FI,12,12,NaN,NaN,SKF
Rat,4,4,1,35,Visual,FI,12,12,NaN,NaN,SKF
Rat,4,4,1,36,Visual,FI,12,12,41.994725,0,SKF
Rat,4,4,1,37,Visual,FI,12,12,23.04435,4.640875,SKF
Rat,4,4,1,38,Visual,FI,12,12,NaN,NaN,SKF
Rat,4,4,1,39,Visual,FI,12,12,29.473125,29.8571,SKF
Rat,4,4,1,40,Visual,FI,12,12,NaN,NaN,SKF
Rat,4,4,1,41,Visual,FI,12,12,NaN,NaN,SKF
Rat,4,4,1,42,Visual,FI,12,12,NaN,NaN,SKF
Rat,4,4,1,43,Visual,FI,12,12,18.382475,20.3094,SKF
Rat,4,4,1,44,Visual,FI,12,12,NaN,NaN,SKF
Rat,4,4,1,45,Visual,FI,12,12,13.6296,13.985575,SKF
Rat,4,4,1,46,Visual,FI,12,12,NaN,36.513875,SKF
Rat,4,4,1,47,Visual,FI,12,12,NaN,NaN,SKF
Rat,4,4,1,48,Visual,FI,12,12,15.31255,17.626475,SKF
Rat,4,4,1,49,Visual,FI,12,12,40.530775,41.22475,SKF
Rat,4,4,1,50,Visual,FI,12,12,NaN,NaN,SKF
Rat,4,4,1,51,Visual,FI,12,12,40.9968,41.810725,SKF
Rat,4,4,1,52,Visual,FI,12,12,NaN,NaN,SKF
Rat,4,4,1,53,Visual,FI,12,12,NaN,NaN,SKF
Rat,4,4,1,54,Visual,FI,12,12,NaN,16.8705,SKF
Rat,4,4,1,55,Visual,FI,12,12,NaN,NaN,SKF
Rat,4,4,1,56,Visual,FI,12,12,19.4484,0,SKF
Rat,4,4,1,57,Visual,FI,12,12,47.77055,NaN,SKF
Rat,4,4,1,58,Visual,FI,12,12,46.528625,48.66055,SKF
Rat,4,4,1,59,Visual,FI,12,12,25.457225,30.86405,SKF
Rat,4,4,1,60,Visual,FI,12,12,NaN,NaN,SKF
Rat,4,4,1,61,Visual,FI,12,12,29.685075,31.365025,SKF
Rat,4,4,1,62,Visual,FI,12,12,NaN,NaN,SKF
Rat,4,4,1,63,Visual,FI,12,12,NaN,NaN,SKF
Rat,4,4,1,64,Visual,FI,12,12,14.450525,14.609575,SKF
Rat,4,4,1,65,Visual,FI,12,12,27.222175,28.38515,SKF
Rat,4,4,1,66,Visual,FI,12,12,NaN,83.2605,SKF
Rat,4,4,1,67,Visual,FI,12,12,18.341475,NaN,SKF
Rat,4,4,1,68,Visual,FI,12,12,NaN,NaN,SKF
Rat,4,4,1,69,Visual,FI,12,12,39.9138,40.853775,SKF
Rat,4,4,1,70,Visual,FI,12,12,NaN,NaN,SKF
Rat,4,4,1,71,Visual,FI,12,12,NaN,NaN,SKF
Rat,4,4,1,72,Visual,FI,12,12,24.472275,25.48425,SKF
Rat,4,4,1,73,Visual,FI,12,12,NaN,NaN,SKF
Rat,4,4,1,74,Visual,FI,12,12,22.0523,28.530125,SKF
Rat,4,4,1,75,Visual,FI,12,12,NaN,NaN,SKF
Rat,4,4,1,76,Visual,FI,12,12,NaN,NaN,SKF
Rat,4,4,1,77,Visual,FI,12,12,NaN,NaN,SKF
Rat,4,4,1,78,Visual,FI,12,12,NaN,NaN,SKF
Rat,4,4,1,79,Visual,FI,12,12,NaN,NaN,SKF
Rat,4,4,1,80,Visual,FI,12,12,20.8624,25.828225,SKF
Rat,4,4,1,81,Visual,FI,12,12,64.796075,70.10495,SKF
Rat,4,4,1,82,Visual,FI,12,12,45.48165,48.26855,SKF
Rat,4,4,1,83,Visual,FI,12,12,14.755575,17.0065,SKF
Rat,4,4,1,84,Visual,FI,12,12,NaN,NaN,SKF
Rat,4,4,1,85,Visual,FI,12,12,30.369075,0,SKF
Rat,4,4,1,86,Visual,FI,12,12,54.30535,NaN,SKF
Rat,4,4,1,87,Visual,FI,12,12,11.257675,11.97265,SKF
Rat,5,5,1,1,Visual,FI,12,12,0,0,Saline
Rat,5,5,1,2,Visual,FI,12,12,NaN,NaN,Saline
Rat,5,5,1,3,Visual,FI,12,12,71.317825,71.553825,Saline
Rat,5,5,1,4,Visual,FI,12,12,24.34825,24.592225,Saline
Rat,5,5,1,5,Visual,FI,12,12,28.856175,29.255125,Saline
Rat,5,5,1,6,Visual,FI,12,12,41.11175,41.301725,Saline
Rat,5,5,1,7,Visual,FI,12,12,NaN,NaN,Saline
Rat,5,5,1,8,Visual,FI,12,12,NaN,NaN,Saline
Rat,5,5,1,9,Visual,FI,12,12,NaN,NaN,Saline
Rat,5,5,1,10,Visual,FI,12,12,15.98455,16.377525,Saline
Rat,5,5,1,11,Visual,FI,12,12,NaN,NaN,Saline
Rat,5,5,1,12,Visual,FI,12,12,14.845575,15.19955,Saline
Rat,5,5,1,13,Visual,FI,12,12,13.0756,13.7526,Saline
Rat,5,5,1,14,Visual,FI,12,12,28.097125,28.971075,Saline
Rat,5,5,1,15,Visual,FI,12,12,NaN,NaN,Saline
Rat,5,5,1,16,Visual,FI,12,12,19.8434,19.9804,Saline
Rat,5,5,1,17,Visual,FI,12,12,47.1706,47.3266,Saline
Rat,5,5,1,18,Visual,FI,12,12,15.134575,15.306525,Saline
Rat,5,5,1,19,Visual,FI,12,12,NaN,NaN,Saline
Rat,5,5,1,20,Visual,FI,12,12,36.8689,37.629875,Saline
Rat,5,5,1,21,Visual,FI,12,12,21.55035,21.976325,Saline
Rat,5,5,1,22,Visual,FI,12,12,NaN,NaN,Saline
Rat,5,5,1,23,Visual,FI,12,12,86.910375,87.31435,Saline
Rat,5,5,1,24,Visual,FI,12,12,NaN,NaN,Saline
Rat,5,5,1,25,Visual,FI,12,12,NaN,NaN,Saline
Rat,5,5,1,26,Visual,FI,12,12,NaN,NaN,Saline
Rat,5,5,1,27,Visual,FI,12,12,NaN,NaN,Saline
Rat,5,5,1,28,Visual,FI,12,12,NaN,NaN,Saline
Rat,5,5,1,29,Visual,FI,12,12,NaN,NaN,Saline
Rat,5,5,1,30,Visual,FI,12,12,NaN,NaN,Saline
Rat,5,5,1,31,Visual,FI,12,12,NaN,NaN,Saline
Rat,5,5,1,32,Visual,FI,12,12,NaN,NaN,Saline
Rat,5,5,1,33,Visual,FI,12,12,12.28865,12.627625,Saline
Rat,5,5,1,34,Visual,FI,12,12,17.1925,19.626425,Saline
Rat,5,5,1,35,Visual,FI,12,12,NaN,NaN,Saline
Rat,5,5,1,36,Visual,FI,12,12,NaN,NaN,Saline
Rat,5,5,1,37,Visual,FI,12,12,13.7936,15.965525,Saline
Rat,5,5,1,38,Visual,FI,12,12,21.688325,25.2642,Saline
Rat,5,5,1,39,Visual,FI,12,12,NaN,NaN,Saline
Rat,5,5,1,40,Visual,FI,12,12,NaN,NaN,Saline
Rat,5,5,1,41,Visual,FI,12,12,21.088375,22.345325,Saline
Rat,5,5,1,42,Visual,FI,12,12,15.002575,15.2975,Saline
Rat,5,5,1,43,Visual,FI,12,12,45.634625,48.318525,Saline
Rat,5,5,1,44,Visual,FI,12,12,NaN,NaN,Saline
Rat,5,5,1,45,Visual,FI,12,12,NaN,NaN,Saline
Rat,5,5,1,46,Visual,FI,12,12,13.6966,14.126575,Saline
Rat,5,5,1,47,Visual,FI,12,12,28.51715,29.0171,Saline
Rat,5,5,1,48,Visual,FI,12,12,NaN,NaN,Saline
Rat,5,5,1,49,Visual,FI,12,12,42.335775,42.62975,Saline
Rat,5,5,1,50,Visual,FI,12,12,NaN,NaN,Saline
Rat,5,5,1,51,Visual,FI,12,12,21.1284,21.37335,Saline
Rat,5,5,1,52,Visual,FI,12,12,NaN,NaN,Saline
Rat,5,5,1,53,Visual,FI,12,12,12.13065,14.886525,Saline
Rat,5,5,1,54,Visual,FI,12,12,23.8023,24.419275,Saline
Rat,5,5,1,55,Visual,FI,12,12,15.229525,15.4625,Saline
Rat,5,5,1,56,Visual,FI,12,12,NaN,NaN,Saline
Rat,5,5,1,57,Visual,FI,12,12,NaN,NaN,Saline
Rat,5,5,1,58,Visual,FI,12,12,25.058225,28.261125,Saline
Rat,5,5,1,59,Visual,FI,12,12,NaN,NaN,Saline
Rat,5,5,1,60,Visual,FI,12,12,NaN,NaN,Saline
Rat,5,5,1,61,Visual,FI,12,12,NaN,NaN,Saline
Rat,5,5,1,62,Visual,FI,12,12,29.34315,29.470075,Saline
Rat,5,5,1,63,Visual,FI,12,12,NaN,NaN,Saline
Rat,5,5,1,64,Visual,FI,12,12,NaN,NaN,Saline
Rat,5,5,1,65,Visual,FI,12,12,NaN,NaN,Saline
Rat,5,5,1,66,Visual,FI,12,12,NaN,NaN,Saline
Rat,5,5,1,67,Visual,FI,12,12,NaN,NaN,Saline
Rat,5,5,1,68,Visual,FI,12,12,NaN,NaN,Saline
Rat,5,5,1,69,Visual,FI,12,12,42.3537,NaN,Saline
Rat,5,5,1,70,Visual,FI,12,12,NaN,NaN,Saline
Rat,5,5,1,71,Visual,FI,12,12,NaN,NaN,Saline
Rat,5,5,1,72,Visual,FI,12,12,163.115075,163.27005,Saline
Rat,5,5,1,73,Visual,FI,12,12,NaN,NaN,Saline
Rat,5,5,1,74,Visual,FI,12,12,41.79575,44.49365,Saline
Rat,5,5,1,75,Visual,FI,12,12,NaN,NaN,Saline
Rat,5,5,1,76,Visual,FI,12,12,21.62135,22.506325,Saline
Rat,5,5,1,77,Visual,FI,12,12,NaN,NaN,Saline
Rat,5,5,1,78,Visual,FI,12,12,NaN,NaN,Saline
Rat,5,5,1,79,Visual,FI,12,12,NaN,NaN,Saline
Rat,5,5,1,80,Visual,FI,12,12,NaN,NaN,Saline
Rat,5,5,1,81,Visual,FI,12,12,NaN,NaN,Saline
Rat,5,5,1,82,Visual,FI,12,12,44.028675,46.900575,Saline
Rat,5,5,1,83,Visual,FI,12,12,NaN,NaN,Saline
Rat,5,5,1,84,Visual,FI,12,12,24.42335,24.575275,Saline
Rat,5,5,1,85,Visual,FI,12,12,NaN,NaN,Saline
Rat,5,5,1,86,Visual,FI,12,12,NaN,NaN,Saline
Rat,5,5,1,87,Visual,FI,12,12,NaN,NaN,Saline
Rat,5,5,1,88,Visual,FI,12,12,34.95,37.610875,Saline
Rat,5,5,1,89,Visual,FI,12,12,54.64735,56.837275,Saline
Rat,5,5,1,90,Visual,FI,12,12,0,0,Saline
Rat,5,5,1,1,Visual,FI,12,12,NaN,20.969425,SCH
Rat,5,5,1,2,Visual,FI,12,12,41.697875,43.05085,SCH
Rat,5,5,1,3,Visual,FI,12,12,18.819525,19.3705,SCH
Rat,5,5,1,4,Visual,FI,12,12,136.133275,136.94825,SCH
Rat,5,5,1,5,Visual,FI,12,12,NaN,NaN,SCH
Rat,5,5,1,6,Visual,FI,12,12,NaN,NaN,SCH
Rat,5,5,1,7,Visual,FI,12,12,NaN,NaN,SCH
Rat,5,5,1,8,Visual,FI,12,12,NaN,NaN,SCH
Rat,5,5,1,9,Visual,FI,12,12,116.01775,116.409725,SCH
Rat,5,5,1,10,Visual,FI,12,12,NaN,NaN,SCH
Rat,5,5,1,11,Visual,FI,12,12,NaN,13.314625,SCH
Rat,5,5,1,12,Visual,FI,12,12,71.956975,NaN,SCH
Rat,5,5,1,13,Visual,FI,12,12,NaN,NaN,SCH
Rat,5,5,1,14,Visual,FI,12,12,96.791175,96.903175,SCH
Rat,5,5,1,15,Visual,FI,12,12,NaN,NaN,SCH
Rat,5,5,1,16,Visual,FI,12,12,NaN,NaN,SCH
Rat,5,5,1,17,Visual,FI,12,12,NaN,NaN,SCH
Rat,5,5,1,18,Visual,FI,12,12,19.9144,20.142375,SCH
Rat,5,5,1,19,Visual,FI,12,12,205.38595,205.800925,SCH
Rat,5,5,1,20,Visual,FI,12,12,63.223175,64.718125,SCH
Rat,5,5,1,21,Visual,FI,12,12,NaN,NaN,SCH
Rat,5,5,1,22,Visual,FI,12,12,118.984475,124.735325,SCH
Rat,5,5,1,23,Visual,FI,12,12,14.5766,15.89155,SCH
Rat,5,5,1,24,Visual,FI,12,12,NaN,NaN,SCH
Rat,5,5,1,25,Visual,FI,12,12,NaN,NaN,SCH
Rat,5,5,1,26,Visual,FI,12,12,NaN,NaN,SCH
Rat,5,5,1,27,Visual,FI,12,12,24.293275,24.69525,SCH
Rat,5,5,1,28,Visual,FI,12,12,NaN,NaN,SCH
Rat,5,5,1,29,Visual,FI,12,12,NaN,NaN,SCH
Rat,5,5,1,30,Visual,FI,12,12,NaN,NaN,SCH
Rat,5,5,1,31,Visual,FI,12,12,NaN,NaN,SCH
Rat,5,5,1,32,Visual,FI,12,12,NaN,NaN,SCH
Rat,5,5,1,33,Visual,FI,12,12,NaN,NaN,SCH
Rat,5,5,1,34,Visual,FI,12,12,NaN,NaN,SCH
Rat,5,5,1,35,Visual,FI,12,12,NaN,NaN,SCH
Rat,5,5,1,36,Visual,FI,12,12,69.571925,71.066875,SCH
Rat,5,5,1,37,Visual,FI,12,12,NaN,NaN,SCH
Rat,5,5,1,38,Visual,FI,12,12,64.356075,64.88305,SCH
Rat,5,5,1,39,Visual,FI,12,12,16.865525,26.6922,SCH
Rat,5,5,1,40,Visual,FI,12,12,33.644975,40.470775,SCH
Rat,5,5,1,41,Visual,FI,12,12,NaN,NaN,SCH
Rat,5,5,1,42,Visual,FI,12,12,NaN,NaN,SCH
Rat,5,5,1,43,Visual,FI,12,12,22.49335,23.5033,SCH
Rat,5,5,1,44,Visual,FI,12,12,NaN,NaN,SCH
Rat,5,5,1,45,Visual,FI,12,12,43.6037,44.68165,SCH
Rat,5,5,1,46,Visual,FI,12,12,NaN,NaN,SCH
Rat,5,5,1,47,Visual,FI,12,12,28.550125,34.016975,SCH
Rat,5,5,1,48,Visual,FI,12,12,NaN,NaN,SCH
Rat,5,5,1,49,Visual,FI,12,12,NaN,NaN,SCH
Rat,5,5,1,50,Visual,FI,12,12,NaN,NaN,SCH
Rat,5,5,1,51,Visual,FI,12,12,NaN,NaN,SCH
Rat,5,5,1,52,Visual,FI,12,12,NaN,NaN,SCH
Rat,5,5,1,53,Visual,FI,12,12,25.24325,0,SCH
Rat,5,5,1,54,Visual,FI,12,12,70.434875,NaN,SCH
Rat,5,5,1,55,Visual,FI,12,12,23.319325,23.5513,SCH
Rat,5,5,1,56,Visual,FI,12,12,NaN,NaN,SCH
Rat,5,5,1,57,Visual,FI,12,12,46.5426,46.898575,SCH
Rat,5,5,1,58,Visual,FI,12,12,NaN,NaN,SCH
Rat,5,5,1,59,Visual,FI,12,12,NaN,0,SCH
Rat,5,5,1,1,Visual,FI,12,12,NaN,116.4344,SKF
Rat,5,5,1,2,Visual,FI,12,12,NaN,NaN,SKF
Rat,5,5,1,3,Visual,FI,12,12,29.5251,29.629075,SKF
Rat,5,5,1,4,Visual,FI,12,12,68.758875,68.96485,SKF
Rat,5,5,1,5,Visual,FI,12,12,53.02135,53.7083,SKF
Rat,5,5,1,6,Visual,FI,12,12,NaN,NaN,SKF
Rat,5,5,1,7,Visual,FI,12,12,NaN,NaN,SKF
Rat,5,5,1,8,Visual,FI,12,12,22.515325,23.0253,SKF
Rat,5,5,1,9,Visual,FI,12,12,39.4608,39.5648,SKF
Rat,5,5,1,10,Visual,FI,12,12,NaN,NaN,SKF
Rat,5,5,1,11,Visual,FI,12,12,18.019475,18.824425,SKF
Rat,5,5,1,12,Visual,FI,12,12,13.019625,13.7576,SKF
Rat,5,5,1,13,Visual,FI,12,12,32.623,33.73395,SKF
Rat,5,5,1,14,Visual,FI,12,12,NaN,NaN,SKF
Rat,5,5,1,15,Visual,FI,12,12,16.396525,18.555425,SKF
Rat,5,5,1,16,Visual,FI,12,12,16.1475,16.512475,SKF
Rat,5,5,1,17,Visual,FI,12,12,31.041025,31.491025,SKF
Rat,5,5,1,18,Visual,FI,12,12,NaN,NaN,SKF
Rat,5,5,1,19,Visual,FI,12,12,23.963275,24.24325,SKF
Rat,5,5,1,20,Visual,FI,12,12,24.392225,24.5772,SKF
Rat,5,5,1,21,Visual,FI,12,12,32.50205,32.792,SKF
Rat,5,5,1,22,Visual,FI,12,12,26.453225,26.5952,SKF
Rat,5,5,1,23,Visual,FI,12,12,20.546375,21.37035,SKF
Rat,5,5,1,24,Visual,FI,12,12,15.336575,15.46255,SKF
Rat,5,5,1,25,Visual,FI,12,12,26.235175,32.132,SKF
Rat,5,5,1,26,Visual,FI,12,12,26.293175,26.878175,SKF
Rat,5,5,1,27,Visual,FI,12,12,25.945225,26.0612,SKF
Rat,5,5,1,28,Visual,FI,12,12,24.642275,24.93425,SKF
Rat,5,5,1,29,Visual,FI,12,12,15.711525,19.1714,SKF
Rat,5,5,1,30,Visual,FI,12,12,NaN,NaN,SKF
Rat,5,5,1,31,Visual,FI,12,12,NaN,NaN,SKF
Rat,5,5,1,32,Visual,FI,12,12,13.587575,14.142575,SKF
Rat,5,5,1,33,Visual,FI,12,12,41.07175,41.6777,SKF
Rat,5,5,1,34,Visual,FI,12,12,NaN,NaN,SKF
Rat,5,5,1,35,Visual,FI,12,12,NaN,NaN,SKF
Rat,5,5,1,36,Visual,FI,12,12,NaN,NaN,SKF
Rat,5,5,1,37,Visual,FI,12,12,42.5307,43.444675,SKF
Rat,5,5,1,38,Visual,FI,12,12,NaN,NaN,SKF
Rat,5,5,1,39,Visual,FI,12,12,NaN,NaN,SKF
Rat,5,5,1,40,Visual,FI,12,12,NaN,NaN,SKF
Rat,5,5,1,41,Visual,FI,12,12,NaN,NaN,SKF
Rat,5,5,1,42,Visual,FI,12,12,23.133325,24.038275,SKF
Rat,5,5,1,43,Visual,FI,12,12,NaN,NaN,SKF
Rat,5,5,1,44,Visual,FI,12,12,39.694775,40.681725,SKF
Rat,5,5,1,45,Visual,FI,12,12,NaN,NaN,SKF
Rat,5,5,1,46,Visual,FI,12,12,42.2617,42.539675,SKF
Rat,5,5,1,47,Visual,FI,12,12,NaN,NaN,SKF
Rat,5,5,1,48,Visual,FI,12,12,99.450925,102.64185,SKF
Rat,5,5,1,49,Visual,FI,12,12,NaN,NaN,SKF
Rat,5,5,1,50,Visual,FI,12,12,17.531475,18.292425,SKF
Rat,5,5,1,51,Visual,FI,12,12,14.05455,16.691475,SKF
Rat,5,5,1,52,Visual,FI,12,12,38.179825,38.438775,SKF
Rat,5,5,1,53,Visual,FI,12,12,NaN,NaN,SKF
Rat,5,5,1,54,Visual,FI,12,12,NaN,NaN,SKF
Rat,5,5,1,55,Visual,FI,12,12,21.88335,22.150325,SKF
Rat,5,5,1,56,Visual,FI,12,12,NaN,NaN,SKF
Rat,5,5,1,57,Visual,FI,12,12,28.482125,31.421025,SKF
Rat,5,5,1,58,Visual,FI,12,12,NaN,NaN,SKF
Rat,5,5,1,59,Visual,FI,12,12,NaN,31.13605,SKF
Rat,5,5,1,60,Visual,FI,12,12,21.736325,NaN,SKF
Rat,5,5,1,61,Visual,FI,12,12,NaN,NaN,SKF
Rat,5,5,1,62,Visual,FI,12,12,NaN,NaN,SKF
Rat,5,5,1,63,Visual,FI,12,12,16.02855,17.507475,SKF
Rat,5,5,1,64,Visual,FI,12,12,NaN,NaN,SKF
Rat,5,5,1,65,Visual,FI,12,12,20.642375,20.966325,SKF
Rat,5,5,1,66,Visual,FI,12,12,NaN,NaN,SKF
Rat,5,5,1,67,Visual,FI,12,12,NaN,NaN,SKF
Rat,5,5,1,68,Visual,FI,12,12,NaN,NaN,SKF
Rat,5,5,1,69,Visual,FI,12,12,14.261575,16.849475,SKF
Rat,5,5,1,70,Visual,FI,12,12,NaN,NaN,SKF
Rat,5,5,1,71,Visual,FI,12,12,43.933625,51.5694,SKF
Rat,5,5,1,72,Visual,FI,12,12,NaN,NaN,SKF
Rat,5,5,1,73,Visual,FI,12,12,31.302025,31.77,SKF
Rat,5,5,1,74,Visual,FI,12,12,46.443575,46.51155,SKF
Rat,5,5,1,75,Visual,FI,12,12,NaN,NaN,SKF
Rat,5,5,1,76,Visual,FI,12,12,34.40695,38.072825,SKF
Rat,5,5,1,77,Visual,FI,12,12,NaN,NaN,SKF
Rat,5,5,1,78,Visual,FI,12,12,NaN,NaN,SKF
Rat,5,5,1,79,Visual,FI,12,12,13.2206,15.603475,SKF
Rat,5,5,1,80,Visual,FI,12,12,NaN,NaN,SKF
Rat,5,5,1,81,Visual,FI,12,12,NaN,NaN,SKF
Rat,5,5,1,82,Visual,FI,12,12,NaN,NaN,SKF
Rat,5,5,1,83,Visual,FI,12,12,NaN,NaN,SKF
Rat,5,5,1,84,Visual,FI,12,12,NaN,NaN,SKF
Rat,5,5,1,85,Visual,FI,12,12,NaN,NaN,SKF
Rat,5,5,1,86,Visual,FI,12,12,NaN,NaN,SKF
Rat,5,5,1,87,Visual,FI,12,12,39.780775,40.23375,SKF
Rat,5,5,1,88,Visual,FI,12,12,NaN,NaN,SKF
Rat,5,5,1,89,Visual,FI,12,12,0,0,SKF
Rat,6,6,1,1,Visual,FI,12,12,NaN,NaN,Saline
Rat,6,6,1,2,Visual,FI,12,12,94.7472,94.954175,Saline
Rat,6,6,1,3,Visual,FI,12,12,NaN,NaN,Saline
Rat,6,6,1,4,Visual,FI,12,12,17.1985,17.94745,Saline
Rat,6,6,1,5,Visual,FI,12,12,49.39455,49.636525,Saline
Rat,6,6,1,6,Visual,FI,12,12,36.8199,37.447925,Saline
Rat,6,6,1,7,Visual,FI,12,12,21.46435,22.303325,Saline
Rat,6,6,1,8,Visual,FI,12,12,115.5046,115.633525,Saline
Rat,6,6,1,9,Visual,FI,12,12,NaN,NaN,Saline
Rat,6,6,1,10,Visual,FI,12,12,15.095575,15.709525,Saline
Rat,6,6,1,11,Visual,FI,12,12,NaN,NaN,Saline
Rat,6,6,1,12,Visual,FI,12,12,NaN,NaN,Saline
Rat,6,6,1,13,Visual,FI,12,12,17.94345,18.35345,Saline
Rat,6,6,1,14,Visual,FI,12,12,28.913175,29.33015,Saline
Rat,6,6,1,15,Visual,FI,12,12,NaN,NaN,Saline
Rat,6,6,1,16,Visual,FI,12,12,NaN,NaN,Saline
Rat,6,6,1,17,Visual,FI,12,12,NaN,NaN,Saline
Rat,6,6,1,18,Visual,FI,12,12,NaN,NaN,Saline
Rat,6,6,1,19,Visual,FI,12,12,12.114725,12.857625,Saline
Rat,6,6,1,20,Visual,FI,12,12,NaN,NaN,Saline
Rat,6,6,1,21,Visual,FI,12,12,29.6841,29.952075,Saline
Rat,6,6,1,22,Visual,FI,12,12,38.80685,39.666825,Saline
Rat,6,6,1,23,Visual,FI,12,12,0,0,Saline
Rat,6,6,1,1,Visual,FI,12,12,NaN,39.683875,SCH
Rat,6,6,1,2,Visual,FI,12,12,21.0784,21.60835,SCH
Rat,6,6,1,3,Visual,FI,12,12,24.5453,24.869275,SCH
Rat,6,6,1,4,Visual,FI,12,12,95.7132,96.13615,SCH
Rat,6,6,1,5,Visual,FI,12,12,NaN,NaN,SCH
Rat,6,6,1,6,Visual,FI,12,12,NaN,NaN,SCH
Rat,6,6,1,7,Visual,FI,12,12,NaN,NaN,SCH
Rat,6,6,1,8,Visual,FI,12,12,70.90495,71.143925,SCH
Rat,6,6,1,9,Visual,FI,12,12,161.265275,161.689275,SCH
Rat,6,6,1,10,Visual,FI,12,12,26.852225,27.1152,SCH
Rat,6,6,1,11,Visual,FI,12,12,35.43695,35.637925,SCH
Rat,6,6,1,12,Visual,FI,12,12,44.20075,44.60975,SCH
Rat,6,6,1,13,Visual,FI,12,12,96.01315,96.7371,SCH
Rat,6,6,1,14,Visual,FI,12,12,58.3193,58.54425,SCH
Rat,6,6,1,15,Visual,FI,12,12,NaN,NaN,SCH
Rat,6,6,1,16,Visual,FI,12,12,NaN,NaN,SCH
Rat,6,6,1,17,Visual,FI,12,12,46.861625,47.97855,SCH
Rat,6,6,1,18,Visual,FI,12,12,NaN,NaN,SCH
Rat,6,6,1,19,Visual,FI,12,12,31.344075,32.056025,SCH
Rat,6,6,1,20,Visual,FI,12,12,NaN,NaN,SCH
Rat,6,6,1,21,Visual,FI,12,12,NaN,NaN,SCH
Rat,6,6,1,22,Visual,FI,12,12,NaN,NaN,SCH
Rat,6,6,1,23,Visual,FI,12,12,26.600225,26.8682,SCH
Rat,6,6,1,24,Visual,FI,12,12,NaN,NaN,SCH
Rat,6,6,1,25,Visual,FI,12,12,NaN,NaN,SCH
Rat,6,6,1,26,Visual,FI,12,12,44.8237,46.52165,SCH
Rat,6,6,1,27,Visual,FI,12,12,24.1863,24.89325,SCH
Rat,6,6,1,28,Visual,FI,12,12,NaN,NaN,SCH
Rat,6,6,1,29,Visual,FI,12,12,36.64095,37.275925,SCH
Rat,6,6,1,30,Visual,FI,12,12,NaN,NaN,SCH
Rat,6,6,1,31,Visual,FI,12,12,12.152625,12.226625,SCH
Rat,6,6,1,32,Visual,FI,12,12,NaN,NaN,SCH
Rat,6,6,1,33,Visual,FI,12,12,NaN,NaN,SCH
Rat,6,6,1,34,Visual,FI,12,12,33.870975,34.324975,SCH
Rat,6,6,1,35,Visual,FI,12,12,NaN,NaN,SCH
Rat,6,6,1,36,Visual,FI,12,12,51.154475,51.227475,SCH
Rat,6,6,1,37,Visual,FI,12,12,NaN,NaN,SCH
Rat,6,6,1,38,Visual,FI,12,12,18.0045,18.81045,SCH
Rat,6,6,1,39,Visual,FI,12,12,15.06455,15.348525,SCH
Rat,6,6,1,40,Visual,FI,12,12,NaN,NaN,SCH
Rat,6,6,1,41,Visual,FI,12,12,NaN,NaN,SCH
Rat,6,6,1,42,Visual,FI,12,12,NaN,NaN,SCH
Rat,6,6,1,43,Visual,FI,12,12,NaN,NaN,SCH
Rat,6,6,1,44,Visual,FI,12,12,NaN,NaN,SCH
Rat,6,6,1,45,Visual,FI,12,12,NaN,NaN,SCH
Rat,6,6,1,46,Visual,FI,12,12,NaN,NaN,SCH
Rat,6,6,1,47,Visual,FI,12,12,16.7275,17.086475,SCH
Rat,6,6,1,48,Visual,FI,12,12,NaN,NaN,SCH
Rat,6,6,1,49,Visual,FI,12,12,NaN,NaN,SCH
Rat,6,6,1,50,Visual,FI,12,12,19.890425,20.311425,SCH
Rat,6,6,1,51,Visual,FI,12,12,NaN,NaN,SCH
Rat,6,6,1,52,Visual,FI,12,12,NaN,NaN,SCH
Rat,6,6,1,53,Visual,FI,12,12,NaN,NaN,SCH
Rat,6,6,1,54,Visual,FI,12,12,18.837475,19.6954,SCH
Rat,6,6,1,55,Visual,FI,12,12,16.357525,16.936475,SCH
Rat,6,6,1,56,Visual,FI,12,12,NaN,NaN,SCH
Rat,6,6,1,57,Visual,FI,12,12,NaN,NaN,SCH
Rat,6,6,1,58,Visual,FI,12,12,NaN,NaN,SCH
Rat,6,6,1,59,Visual,FI,12,12,14.40055,14.82955,SCH
Rat,6,6,1,60,Visual,FI,12,12,NaN,NaN,SCH
Rat,6,6,1,61,Visual,FI,12,12,NaN,NaN,SCH
Rat,6,6,1,62,Visual,FI,12,12,NaN,NaN,SCH
Rat,6,6,1,63,Visual,FI,12,12,55.66935,55.882325,SCH
Rat,6,6,1,64,Visual,FI,12,12,32.17805,32.480025,SCH
Rat,6,6,1,65,Visual,FI,12,12,NaN,NaN,SCH
Rat,6,6,1,66,Visual,FI,12,12,NaN,NaN,SCH
Rat,6,6,1,67,Visual,FI,12,12,NaN,NaN,SCH
Rat,6,6,1,68,Visual,FI,12,12,NaN,NaN,SCH
Rat,6,6,1,69,Visual,FI,12,12,NaN,NaN,SCH
Rat,6,6,1,70,Visual,FI,12,12,25.0153,25.492275,SCH
Rat,6,6,1,71,Visual,FI,12,12,16.460525,17.581475,SCH
Rat,6,6,1,72,Visual,FI,12,12,NaN,NaN,SCH
Rat,6,6,1,73,Visual,FI,12,12,NaN,NaN,SCH
Rat,6,6,1,74,Visual,FI,12,12,NaN,NaN,SCH
Rat,6,6,1,75,Visual,FI,12,12,NaN,NaN,SCH
Rat,6,6,1,76,Visual,FI,12,12,NaN,NaN,SCH
Rat,6,6,1,77,Visual,FI,12,12,0,0,SCH
Rat,6,6,1,1,Visual,FI,12,12,NaN,49.929525,SKF
Rat,6,6,1,2,Visual,FI,12,12,79.33165,79.793625,SKF
Rat,6,6,1,3,Visual,FI,12,12,20.073375,20.672325,SKF
Rat,6,6,1,4,Visual,FI,12,12,20.805375,21.24935,SKF
Rat,6,6,1,5,Visual,FI,12,12,158.6003,159.336275,SKF
Rat,6,6,1,6,Visual,FI,12,12,42.693725,43.545675,SKF
Rat,6,6,1,7,Visual,FI,12,12,21.97635,22.579325,SKF
Rat,6,6,1,8,Visual,FI,12,12,NaN,NaN,SKF
Rat,6,6,1,9,Visual,FI,12,12,NaN,NaN,SKF
Rat,6,6,1,10,Visual,FI,12,12,12.453625,14.948525,SKF
Rat,6,6,1,11,Visual,FI,12,12,27.1032,28.45815,SKF
Rat,6,6,1,12,Visual,FI,12,12,NaN,NaN,SKF
Rat,6,6,1,13,Visual,FI,12,12,21.53535,23.2363,SKF
Rat,6,6,1,14,Visual,FI,12,12,NaN,NaN,SKF
Rat,6,6,1,15,Visual,FI,12,12,25.105275,25.818225,SKF
Rat,6,6,1,16,Visual,FI,12,12,NaN,NaN,SKF
Rat,6,6,1,17,Visual,FI,12,12,57.0463,57.326275,SKF
Rat,6,6,1,18,Visual,FI,12,12,13.926625,14.861575,SKF
Rat,6,6,1,19,Visual,FI,12,12,NaN,NaN,SKF
Rat,6,6,1,20,Visual,FI,12,12,13.3176,16.2305,SKF
Rat,6,6,1,21,Visual,FI,12,12,30.7281,34.512975,SKF
Rat,6,6,1,22,Visual,FI,12,12,NaN,NaN,SKF
Rat,6,6,1,23,Visual,FI,12,12,NaN,NaN,SKF
Rat,6,6,1,24,Visual,FI,12,12,NaN,NaN,SKF
Rat,6,6,1,25,Visual,FI,12,12,18.281475,19.577425,SKF
Rat,6,6,1,26,Visual,FI,12,12,26.897225,27.1442,SKF
Rat,6,6,1,27,Visual,FI,12,12,NaN,NaN,SKF
Rat,6,6,1,28,Visual,FI,12,12,NaN,NaN,SKF
Rat,6,6,1,29,Visual,FI,12,12,NaN,NaN,SKF
Rat,6,6,1,30,Visual,FI,12,12,NaN,NaN,SKF
Rat,6,6,1,31,Visual,FI,12,12,NaN,NaN,SKF
Rat,6,6,1,32,Visual,FI,12,12,35.54895,35.811925,SKF
Rat,6,6,1,33,Visual,FI,12,12,36.060925,36.8209,SKF
Rat,6,6,1,34,Visual,FI,12,12,NaN,NaN,SKF
Rat,6,6,1,35,Visual,FI,12,12,92.45625,94.169175,SKF
Rat,6,6,1,36,Visual,FI,12,12,NaN,NaN,SKF
Rat,6,6,1,37,Visual,FI,12,12,NaN,NaN,SKF
Rat,6,6,1,38,Visual,FI,12,12,12.914625,15.7625,SKF
Rat,6,6,1,39,Visual,FI,12,12,NaN,NaN,SKF
Rat,6,6,1,40,Visual,FI,12,12,14.850525,23.32425,SKF
Rat,6,6,1,41,Visual,FI,12,12,NaN,NaN,SKF
Rat,6,6,1,42,Visual,FI,12,12,NaN,NaN,SKF
Rat,6,6,1,43,Visual,FI,12,12,NaN,NaN,SKF
Rat,6,6,1,44,Visual,FI,12,12,19.23045,19.9514,SKF
Rat,6,6,1,45,Visual,FI,12,12,13.02065,16.09955,SKF
Rat,6,6,1,46,Visual,FI,12,12,22.45735,22.916325,SKF
Rat,6,6,1,47,Visual,FI,12,12,23.362325,24.17525,SKF
Rat,6,6,1,48,Visual,FI,12,12,NaN,NaN,SKF
Rat,6,6,1,49,Visual,FI,12,12,NaN,NaN,SKF
Rat,6,6,1,50,Visual,FI,12,12,NaN,NaN,SKF
Rat,6,6,1,51,Visual,FI,12,12,NaN,NaN,SKF
Rat,6,6,1,52,Visual,FI,12,12,NaN,NaN,SKF
Rat,6,6,1,53,Visual,FI,12,12,NaN,NaN,SKF
Rat,6,6,1,54,Visual,FI,12,12,NaN,NaN,SKF
Rat,6,6,1,55,Visual,FI,12,12,NaN,NaN,SKF
Rat,6,6,1,56,Visual,FI,12,12,13.9486,16.4565,SKF
Rat,6,6,1,57,Visual,FI,12,12,37.69585,40.677775,SKF
Rat,6,6,1,58,Visual,FI,12,12,140.3188,140.588775,SKF
Rat,6,6,1,59,Visual,FI,12,12,40.9948,43.2367,SKF
Rat,6,6,1,60,Visual,FI,12,12,87.9014,90.499325,SKF
Rat,6,6,1,61,Visual,FI,12,12,48.331575,49.12755,SKF
Rat,6,6,1,62,Visual,FI,12,12,NaN,NaN,SKF
Rat,6,6,1,63,Visual,FI,12,12,83.555475,91.797275,SKF
Rat,6,6,1,64,Visual,FI,12,12,17.8745,18.582475,SKF
Rat,6,6,1,65,Visual,FI,12,12,NaN,NaN,SKF
Rat,6,6,1,66,Visual,FI,12,12,382.008625,382.1616,SKF
Rat,6,6,1,67,Visual,FI,12,12,313.99665,314.057625,SKF
